latitude,longitude,street_address,state,city,Zip Code,country,id,open_date,fuel_type_code
36.010279,-84.268049,101 S Illinois Ave,TN,Oak Ridge,37830,US,39705,2011-03-15,ELEC
35.558371,-86.448276,2801 Highway 231 N,TN,Shelbyville,37160,US,39707,2011-03-15,ELEC
35.030251,-85.308376,2100 S Market St,TN,Chattanooga,37408,US,39802,2011-03-15,ELEC
36.513006,-87.268667,185 Highway 76,TN,Clarksville,37043,US,39803,2011-03-15,ELEC
36.137109,-85.496453,501 Neal St,TN,Cookeville,38501,US,39805,2011-03-15,ELEC
36.023934,-87.340223,2219 Highway 46 S,TN,Dickson,37055,US,39806,2011-03-15,ELEC
36.063277,-89.379485,2700 Parr Ave,TN,Dyersburg,38024,US,39807,2011-03-15,ELEC
35.957857,-86.80853,212 Comtide Ct,TN,Franklin,37067,US,39808,2011-03-15,ELEC
36.36102,-86.49452,1461 Nashville Pike,TN,Gallatin,37066,US,39809,2011-03-15,ELEC
36.374198,-82.372119,3602 Bristol Hwy,TN,Johnson City,37601,US,39811,2011-03-15,ELEC
36.551978,-82.487762,2733 E Stone Dr,TN,Kingsport,37660,US,39812,2011-03-15,ELEC
35.920587,-84.067881,8565 Kingston Pike,TN,Knoxville,37919,US,39813,2011-03-15,ELEC
35.999617,-83.969451,4515 Clinton Hwy,TN,Knoxville,37912,US,39814,2011-03-15,ELEC
36.29057,-86.70486,1550 Gallatin Pike N,TN,Madison,37115,US,39815,2019-05-01,ELEC
35.454702,-86.041805,2747 Hillsboro Hwy,TN,Manchester,37355,US,39816,2019-05-01,ELEC
36.369277,-88.849653,841 N Lindell St,TN,Martin,38237,US,39817,2011-03-15,ELEC
35.0353,-89.795859,4140 Hacks Cross Rd,TN,Memphis,38125,US,39818,2011-03-15,ELEC
35.181031,-89.895533,2080 Covington Pike,TN,Memphis,38128,US,39819,2019-05-01,ELEC
36.18226,-83.382387,5496 W Andrew Johnson Hwy,TN,Morristown,37814,US,39820,2011-03-15,ELEC
35.8541,-86.39484,814 Memorial Blvd,TN,Murfreesboro,37129,US,39821,2011-03-15,ELEC
36.11033,-86.74373,307 Thompson Ln,TN,Nashville,37211,US,39822,2011-03-15,ELEC
36.19092,-86.79334,25 Vantage Way,TN,Nashville,37228,US,39823,2011-03-15,ELEC
35.830725,-83.974822,3247 Airport Hwy,TN,Alcoa,37701,US,39845,2011-03-15,ELEC
35.20581,-89.79106,2956 N Germantown Rd,TN,Bartlett,38133,US,39846,2011-03-15,ELEC
36.54287,-82.23651,235 Century Blvd,TN,Bristol,37620,US,39847,2011-03-15,ELEC
35.056433,-85.190515,2121 Chapman Rd,TN,Chattanooga,37421,US,39848,2017-03-01,ELEC
36.547921,-82.56179,215 W Center St,TN,Kingsport,37660,US,41483,2011-07-01,ELEC
35.61323,-87.034614,101 W 8th St,TN,Columbia,38401,US,42872,2011-12-31,ELEC
35.837613,-86.407098,555 New Salem Rd,TN,Murfreesboro,37129,US,42939,2011-04-30,ELEC
35.922223,-86.821182,2156 Edward Curd Ln,TN,Franklin,37067,US,43761,2011-08-31,ELEC
35.940203,-86.813764,1 Nissan Way,TN,Franklin,37067,US,43762,2016-01-01,ELEC
36.174597,-86.298021,201 Maddox-Simpson Pkwy,TN,Lebanon,37090,US,43763,2011-08-31,ELEC
35.843311,-86.446636,326 Saint Andrews Dr,TN,Murfreesboro,37128,US,43764,2011-08-31,ELEC
36.15403028286782,-86.81379926522062,One Park Plaza,TN,Nashville,37203,US,46470,2011-07-15,ELEC
35.830725,-83.974822,3247 Airport Hwy,TN,Alcoa,37701,US,47807,2011-03-15,ELEC
35.20581,-89.79106,2956 N Germantown Rd,TN,Bartlett,38133,US,47808,2011-03-15,ELEC
36.54287,-82.23651,235 Century Blvd,TN,Bristol,37620,US,47810,2011-03-15,ELEC
35.030251,-85.308376,2100 S Market St,TN,Chattanooga,37408,US,47813,2011-03-15,ELEC
36.513006,-87.268667,185 Highway 76,TN,Clarksville,37043,US,47814,2011-03-15,ELEC
36.137109,-85.496453,501 Neal St,TN,Cookeville,38501,US,47816,2011-03-15,ELEC
36.023934,-87.340223,2219 Highway 46 S,TN,Dickson,37055,US,47817,2011-03-15,ELEC
35.957857,-86.80853,212 Comtide Ct,TN,Franklin,37067,US,47819,2011-03-15,ELEC
36.36102,-86.49452,1461 Nashville Pike,TN,Gallatin,37066,US,47823,2011-03-15,ELEC
35.668125,-88.84297,495 Vann Dr,TN,Jackson,38305,US,47824,2011-03-15,ELEC
36.374198,-82.372119,3602 Bristol Hwy,TN,Johnson City,37601,US,47826,2011-03-15,ELEC
36.551978,-82.487762,2733 E Stone Dr,TN,Kingsport,37660,US,47827,2011-03-15,ELEC
35.920587,-84.067881,8565 Kingston Pike,TN,Knoxville,37919,US,47829,2011-03-15,ELEC
35.999617,-83.969451,4515 Clinton Hwy,TN,Knoxville,37912,US,47830,2011-03-15,ELEC
36.29057,-86.70486,1550 Gallatin Pike N,TN,Madison,37115,US,47831,2019-05-01,ELEC
35.454702,-86.041805,2747 Hillsboro Hwy,TN,Manchester,37355,US,47832,2019-05-01,ELEC
35.0353,-89.795859,4140 Hacks Cross Rd,TN,Memphis,38125,US,47837,2011-03-15,ELEC
35.181031,-89.895533,2080 Covington Pike,TN,Memphis,38128,US,47838,2019-05-01,ELEC
36.18226,-83.382387,5496 W Andrew Johnson Hwy,TN,Morristown,37814,US,47839,2011-03-15,ELEC
35.8541,-86.39484,814 Memorial Blvd,TN,Murfreesboro,37129,US,47841,2011-03-15,ELEC
36.11033,-86.74373,307 Thompson Ln,TN,Nashville,37211,US,47842,2011-03-15,ELEC
36.19092,-86.79334,25 Vantage Way,TN,Nashville,37228,US,47843,2011-03-15,ELEC
36.010279,-84.268049,101 S Illinois Ave,TN,Oak Ridge,37830,US,47850,2011-03-15,ELEC
35.226101,-88.224729,1260 Wayne Rd,TN,Savannah,38372,US,47853,2012-01-31,ELEC
35.922002,-84.142112,942 Corridor Park Blvd,TN,Knoxville,37932,US,49206,2010-01-20,ELEC
35.682046,-85.776576,300 W Main St,TN,McMinnville,37110,US,49211,2014-07-10,ELEC
35.847864,-86.394251,205 N Walnut St,TN,Murfreesboro,37130,US,49469,2012-09-30,ELEC
35.868733,-86.412702,1550 NW Broad St,TN,Murfreesboro,37129,US,51701,2013-04-01,ELEC
35.632542,-85.852605,5917 Manchester Hwy,TN,Morrison,37357,US,52600,2013-06-01,ELEC
35.140771,-89.834205,518 Pine Lake Dr,TN,Memphis,38134,US,52834,2016-09-01,ELEC
36.148816,-86.799577,124 21st Ave S,TN,Nashville,37212,US,52836,2012-08-31,ELEC
36.583614,-87.314186,2655 Trenton Rd,TN,Clarksville,37040,US,53986,2013-04-01,ELEC
35.203552,-89.799194,7925 Stage Rd,TN,Memphis,38133,US,53987,2013-04-01,ELEC
36.104589,-86.761033,4013 Armory Oaks Dr,TN,Nashville,37204,US,62273,2014-06-27,ELEC
35.910873,-86.384511,3401 Memorial Blvd,TN,Murfreesboro,37129,US,62332,2014-07-01,ELEC
36.532847,-87.349204,311 Ford St,TN,Clarksville,37040,US,62789,2014-08-05,ELEC
36.137258,-86.788609,1441 12th Ave S,TN,Nashville,37203,US,62807,2014-08-07,ELEC
36.15557,-86.813431,2500 Charlotte Ave,TN,Nashville,37203,US,63039,2014-08-26,ELEC
35.649166,-87.011382,1510 Nashville Hwy,TN,Columbia,38401,US,63441,2011-04-05,ELEC
35.03095,-85.305742,301 E 20th St,TN,Chattanooga,37408,US,63597,2013-09-01,ELEC
36.153934,-86.767472,1st Ave S,TN,Nashville,37210,US,64552,2014-12-09,ELEC
36.176117,-86.762044,621 Howerton St,TN,Nashville,37206,US,68034,2015-06-25,ELEC
36.160453,-86.774698,150 3rd Ave S 150 3rd Ave South,TN,Nashville,37201,US,68143,2015-06-27,ELEC
35.832754,-83.570439,1641 Parkway,TN,Sevierville,37862,US,68198,2015-07-09,ELEC
36.12718,-86.84697,4324 Harding Pike,TN,Nashville,37205,US,68381,2011-03-16,ELEC
35.668125,-88.84297,495 Vann Dr,TN,Jackson,38305,US,68421,2015-04-01,ELEC
36.156447,-86.815539,524b 26th Ave N,TN,Nashville,37209,US,70728,2015-10-29,ELEC
35.322918,-84.52522,801 Tennessee Ave,TN,Etowah,37331,US,73225,2014-11-01,ELEC
36.06949,-86.936094,720 Baugh Rd,TN,Nashville,37221,US,73707,2016-02-26,ELEC
36.091731,-86.826441,1630 Harding Pl,TN,Nashville,37215,US,74075,2016-03-08,ELEC
36.079471,-86.908649,200 Erin Ln,TN,Nashville,37221,US,75502,2016-05-01,ELEC
35.05385,-85.31132,215 Broad St,TN,Chattanooga,37402,US,75629,2016-05-14,ELEC
35.061201,-85.30598,200 River St,TN,Chattanooga,37405,US,75630,2016-05-14,ELEC
35.062618,-85.305176,305 Frazier Ave,TN,Chattanooga,37405,US,75631,2016-05-14,ELEC
35.038031,-85.307156,1398 Market Street,TN,Chattanooga,37402,US,75671,2016-05-19,ELEC
35.009534,-85.328442,3917 St Elmo Ave,TN,Chattanooga,37409,US,75696,2016-05-21,ELEC
36.17576,-86.784768,1100 3rd Ave N,TN,Nashville,37208,US,76199,2016-06-08,ELEC
35.023738,-85.160777,1751 Gunbarrel Road,TN,Chattanooga,37421,US,77360,2016-08-06,ELEC
35.130823,-85.238173,271 Northgate Mall Dr,TN,Chattanooga,37343,US,77361,2016-08-06,ELEC
35.035854,-85.305218,55 Johnson Street,TN,Chattanooga,37408,US,77363,2016-08-06,ELEC
35.043855,-85.260525,2525 Desales Ave.,TN,Chattanooga,37406,US,77364,2016-08-06,ELEC
35.043794,-85.280574,301 North Holtzclaw,TN,Chattanooga,37404,US,77365,2016-08-06,ELEC
35.035694,-85.15777,2120 Hamilton Pl Blvd,TN,Chattanooga,37421,US,77366,2016-08-06,ELEC
35.005733,-85.311911,200 West 38th Street,TN,Chattanooga,37410,US,77367,2016-08-06,ELEC
36.470898,-84.651393,4564 Leatherwood Rd,TN,Oneida,37841,US,77668,2016-08-15,ELEC
35.95953,-83.924911,1101 Cumberland Ave,TN,Knoxville,37916,US,78292,2015-10-01,ELEC
35.951858,-83.9316,1350 Pat Head Summitt St,TN,Knoxville,37916,US,78293,2015-10-01,ELEC
35.946202,-83.93878,2402 Chapman Dr,TN,Knoxville,37916,US,78294,2015-10-01,ELEC
35.038042,-85.195795,1001 Airport Rd,TN,Chattanooga,37421,US,78354,2016-09-08,ELEC
35.050309,-85.050405,Hickman Drive,TN,Collegedale,37363,US,78399,2016-09-10,ELEC
36.041618,-86.770424,320 Seven Springs Way,TN,Brentwood,37027,US,78943,2016-10-12,ELEC
36.110741,-86.672007,1 Terminal Drive,TN,Nashville,37217,US,79332,2016-10-29,ELEC
36.026078,-86.789115,300 Centerview Dr,TN,Brentwood,37027,US,79958,2016-11-23,ELEC
36.162131,-86.777114,333 Commerce St,TN,Nashville,37201,US,80223,2014-06-01,ELEC
35.021658,-85.321318,3001-3099 St Elmo Ave,TN,Chattanooga,37408,US,80496,2017-01-05,ELEC
35.048058,-85.300749,548 Vine St,TN,Chattanooga,37403,US,80499,2017-01-05,ELEC
35.043428,-85.301786,527 E M L King Blvd,TN,Chattanooga,37403,US,80500,2017-01-05,ELEC
35.04403,-85.310026,1-99 W 11th St,TN,Chattanooga,37402,US,80504,2017-01-05,ELEC
35.97745,-86.560795,742 President Place,TN,Smyrna,37167,US,85392,2017-06-02,ELEC
35.033667,-85.277644,601-699 S Hawthorne St,TN,Chattanooga,37404,US,85877,2017-07-12,ELEC
35.979926,-86.804875,1568 Mallory Ln,TN,Brentwood,37027,US,87676,2017-09-16,ELEC
35.072113,-85.131349,8007 Volkswagen Dr,TN,Chattanooga,37421,US,89771,2017-12-21,ELEC
35.070661,-85.133595,7380 TN-317,TN,Chattanooga,37421,US,89772,2017-12-21,ELEC
35.935669,-84.005456,265 Brookview Centre Way,TN,Knoxville,37919,US,95183,2012-03-01,ELEC
35.0421861,-85.308904,1200 Market St,TN,Chattanooga,37402,US,95190,2012-01-15,ELEC
35.821406,-83.578337,2134 Parkway,TN,Pigeon Forge,37863,US,95203,2012-01-15,ELEC
36.150544,-86.802403,2100 West End Avenue,TN,Nashville,37203,US,95221,2011-12-31,ELEC
35.9256575,-86.8674099,109 2nd Ave South,TN,Franklin,37064,US,95453,2012-03-01,ELEC
35.9241797,-86.8699657,115 4th Avenue South,TN,Franklin,37064,US,95454,2012-03-01,ELEC
36.151923,-86.79686,102 19th Avenue S,TN,Nashville,37203,US,95484,2014-02-22,ELEC
35.0663,-85.0745,9100 Integra Preserve Court,TN,Ooltewah,37363,US,95497,2016-03-08,ELEC
35.616609,-87.838277,114 E. Main Street,TN,Linden,37096,US,95649,2012-03-01,ELEC
35.977993,-83.907603,1610 E Magnolia Ave,TN,Knoxville,37917,US,95772,2011-09-01,ELEC
35.94657,-84.164617,10915 Hardin Valley Road,TN,Knoxville,37932,US,95978,2011-08-10,ELEC
35.755076,-84.072247,2731 W. Lamar Alexander Hwy,TN,Friendsville,37737,US,96093,2012-05-31,ELEC
35.985804,-83.610977,3620 Outdoor Sportsman Place,TN,Kodak,37764,US,96156,2015-11-13,ELEC
35.92301,-84.08731,9111 Cross Park Dr,TN,Knoxville,37923,US,96322,2012-03-01,ELEC
35.045076,-85.156036,2343 Shallowford Village Dr.,TN,Chattanooga,37421,US,96356,2011-07-26,ELEC
35.606597,-87.067605,1224 Trotwood Ave,TN,Columbia,38401,US,96368,2012-01-15,ELEC
35.981352,-83.928208,1100 N Central Street,TN,Knoxville,37917,US,96371,2012-03-01,ELEC
35.808857,-83.575849,120 Christmas Tree Lane,TN,Pigeon Forge,37863,US,96527,2014-11-06,ELEC
35.783947,-83.988546,130 Associates Blvd,TN,Alcoa,37701,US,96528,2014-12-13,ELEC
35.811537,-83.982389,126 Cusick Rd,TN,Alcoa,37701,US,96531,2014-12-13,ELEC
35.919789,-84.088552,9134 Executive Park Drive,TN,Knoxville,37923,US,96532,2014-11-20,ELEC
35.984378,-83.613235,3526 Outdoor World Drive,TN,Kodak,37764,US,96533,2014-11-07,ELEC
35.934861,-86.824692,4089 Mallory Ln,TN,Franklin,37067,US,97067,2018-05-16,ELEC
35.066943,-85.074911,9198 Integra Hills Lane,TN,Ooltewah,37363,US,100238,2018-08-08,ELEC
35.068252,-85.073931,9198 Integra Hills Lane,TN,Ooltewah,37363,US,100239,2018-08-08,ELEC
35.682623,-85.774901,200 W Morford St,TN,McMinnville,37110,US,100324,2018-03-01,ELEC
36.522178,-82.528577,1213 Konnarock R,TN,Kingsport,37660,US,100478,2016-01-01,ELEC
36.59171,-82.261227,416 Pinnacle Parkway,TN,Bristol,37620,US,102414,2017-09-01,ELEC
35.038644,-85.19593,1001 Airport Road,TN,Chattanooga,37421,US,102415,2014-09-01,ELEC
36.155817,-85.515186,377 West Jackson Street,TN,Cookeville,38501,US,102416,2018-07-23,ELEC
36.018436,-87.333018,100 Barzani Blvd,TN,Dickson,37055,US,102417,2018-07-23,ELEC
35.66042,-88.855619,56 Casey Jones Lane,TN,Jackson,38305,US,102418,2016-12-01,ELEC
35.901319,-84.149634,10936 Parkside Dr,TN,Knoxville,37934,US,102419,2015-04-01,ELEC
35.458629,-86.057393,2224 Hillsboro Blvd.,TN,Manchester,37355,US,102420,2018-07-23,ELEC
35.097801,-89.858957,6073 Park Avenue,TN,Memphis,38119,US,102421,2016-12-01,ELEC
35.156368,-89.867466,1101 John A. Denie Dr,TN,Memphis,38134,US,102655,2018-09-01,ELEC
36.03643,-86.797484,3 Cadillac Dr,TN,Brentwood,37027,US,103077,2018-09-20,ELEC
35.80497669596536,-83.98941890744015,2055 Alcoa Hwy,TN,Alcoa,37701,US,104586,2014-01-01,ELEC
36.044988,-86.774068,2000 Health Park Dr,TN,Brentwood,37027,US,104587,2018-02-01,ELEC
35.02970504600989,-85.30593766137696,310 E 20th St,TN,Chattanooga,37408,US,104588,2015-01-01,ELEC
36.525861,-87.361493,133 Commerce St,TN,Clarksville,37040,US,104591,2017-01-01,ELEC
36.065339,-87.386541,236 Cowan Rd,TN,Dickson,37055,US,104592,2016-05-01,ELEC
35.918324,-86.833177,1129 Murfreesboro Rd,TN,Franklin,37064,US,104593,2014-01-01,ELEC
35.936008,-86.827124,1550 W McEwen Dr,TN,Franklin,37067,US,104594,2015-01-01,ELEC
35.08896,-89.80219,7825 US-72,TN,Germantown,38138,US,104595,2015-08-01,ELEC
35.914452,-84.112427,9901 Sherrill Blvd,TN,Knoxville,37932,US,104596,2015-01-01,ELEC
35.933079,-84.015922,6730 Paper Mill Dr,TN,Knoxville,37919,US,104599,2015-01-01,ELEC
35.88315568187158,-84.3025944761963,1824 Woodlawn Rd,TN,Lenoir City,37771,US,104600,2014-01-01,ELEC
35.802582,-84.262589,404 US-321,TN,Lenoir City,37771,US,104602,2017-01-01,ELEC
35.0488029503098,-89.98090376322938,2491 Winchester Rd,TN,Memphis,38116,US,104603,2014-01-01,ELEC
35.866934,-86.449001,3050 Medical Center Pkwy,TN,Murfreesboro,37129,US,104604,2011-01-01,ELEC
35.102057,-85.235075,4501 Amnicola Hwy,TN,Chattanooga,37406,US,104917,2018-11-24,ELEC
36.15142052533904,-86.81668020370485,One Park Plaza,TN,Nashville,37203,US,105044,2019-11-27,ELEC
36.14971387324612,-86.81877232673646,One Park Plaza,TN,Nashville,37203,US,105045,2018-10-01,ELEC
36.15220020175303,-86.81565023544312,One Park Plaza,TN,Nashville,37203,US,105046,2018-10-01,ELEC
36.130669,-86.667492,2 Terminal Dr,TN,Nashville,37214,US,105377,2018-12-19,ELEC
36.0439915,-86.6480986,201 Crossings Pl,TN,Antioch,37013,US,115575,2017-11-29,ELEC
36.0448739,-86.6479546,210 Crossings Pl,TN,Antioch,37013,US,115576,2017-10-05,ELEC
36.163439,-85.615665,600 Lance Dr,TN,Baxter,38544,US,115577,2018-02-01,ELEC
35.0517332,-85.3113814,400 Chestnut St,TN,Chattanooga,37402,US,115578,2018-05-25,ELEC
35.0512209,-85.3124976,407 Chestnut St,TN,Chattanooga,37402,US,115579,2018-03-26,ELEC
35.051119,-85.311229,434 Chestnut St,TN,Chattanooga,37402,US,115580,2016-11-16,ELEC
36.5930397,-87.2863968,"3020 Mr. ""C"" Dr",TN,Clarksville,37040,US,115581,2017-10-02,ELEC
36.596445,-87.277796,451 Alfred Thun Rd,TN,Clarksville,37040,US,115582,2016-03-07,ELEC
35.985032,-85.010353,2444 Genesis Rd,TN,Crossville,38571,US,115584,2016-03-18,ELEC
36.0221579,-87.3347879,1085 E Christi Dr,TN,Dickson,37055,US,115585,2018-03-12,ELEC
35.9559429,-86.8054694,107 International Dr,TN,Franklin,37067,US,115586,2018-02-12,ELEC
35.952404,-86.813731,7141 South Springs Dr,TN,Franklin,37067,US,115587,2016-11-03,ELEC
35.959448,-86.800246,9150 Carothers Pkwy,TN,Franklin,37067,US,115588,2017-07-17,ELEC
36.2712,-85.7953,7316 Granville Hwy,TN,Granville,38564,US,115589,2018-10-15,ELEC
36.163621,-82.83095900000001,111 N Main St,TN,Greeneville,37743,US,115590,2017-02-16,ELEC
35.127276,-85.246608,4820 Hixson Pike,TN,Hixson,37343,US,115591,2018-05-02,ELEC
35.66221,-88.861765,1324 Vann Dr,TN,Jackson,38305,US,115592,2018-06-19,ELEC
36.549767,-82.525923,1229 E Stone Dr,TN,Kingsport,37660,US,115593,2017-05-15,ELEC
36.506546,-82.568279,1901 Meadowview Pkwy,TN,Kingsport,37664,US,115594,2017-07-05,ELEC
35.9623888,-83.923282,531 Henley St,TN,Knoxville,37902,US,115595,2017-09-05,ELEC
35.9131838,-84.1068105,9621 Parkside Dr,TN,Knoxville,37922,US,115596,2017-11-22,ELEC
35.98178,-83.613345,3422 Adventure Ln,TN,Kodak,37764,US,115597,2014-12-30,ELEC
35.142409,-90.051998,149 Union Ave,TN,Memphis,38103,US,115598,2016-07-15,ELEC
35.203262,-89.778509,2839 New Brunswick Rd,TN,Memphis,38133,US,115599,2017-07-07,ELEC
35.196114,-89.797391,7905 Giacosa Pl,TN,Memphis,38133,US,115600,2017-03-01,ELEC
35.20374,-89.775131,8635 US-64,TN,Memphis,38133,US,115601,2017-08-30,ELEC
35.8644112,-86.4508482,1335 Conference Center Boulevard,TN,Murfreesboro,37129,US,115602,2017-10-19,ELEC
36.159949,-86.777271,121 4th Ave S,TN,Nashville,37201,US,115603,2017-04-17,ELEC
36.150445,-86.79679,1907 Broadway,TN,Nashville,37203,US,115605,2017-09-26,ELEC
36.163688,-86.782274,231 6th Ave N,TN,Nashville,37219,US,115606,2016-03-21,ELEC
36.212449,-86.696838,2800 Opryland Dr,TN,Nashville,37214,US,115608,2016-07-15,ELEC
36.152491,-86.784039,401 11th Ave S,TN,Nashville,37203,US,115609,2018-07-12,ELEC
36.1420023,-86.7013478,733 Briley Pkwy,TN,Nashville,37217,US,115610,2018-02-09,ELEC
36.15033,-86.781542,901 Division St,TN,Nashville,37203,US,115611,2017-06-08,ELEC
35.920625,-83.252367,1500 Pinnacles Way,TN,Newport,37821,US,115612,2015-06-15,ELEC
35.809438,-83.576405,119 Christmas Tree Ln,TN,Pigeon Forge,37863,US,115613,2015-08-31,ELEC
35.802613,-83.568554,130 The Island Dr,TN,Pigeon Forge,37863,US,115614,2016-04-14,ELEC
35.821495,-83.578399,2134 Parkway,TN,Pigeon Forge,37863,US,115615,2016-04-14,ELEC
35.81792,-83.501509,2149 Seaton Springs Rd,TN,Sevierville,37862,US,115616,2015-07-08,ELEC
35.975191,-86.577625,990 Colonnade Dr,TN,Smyrna,37167,US,115617,2017-07-17,ELEC
35.678761,-83.782354,7140 E Lamar Alexander Pkwy,TN,Townsend,37882,US,115618,2017-03-22,ELEC
35.385701,-86.231766,1922 N Jackson St,TN,Tullahoma,37388,US,115619,2017-04-26,ELEC
35.687809,-83.86247,1471 W Millers Cove Rd,TN,Walland,37886,US,115620,2015-06-04,ELEC
36.554146,-86.237929,100-B Mallard Sunrise Dr,TN,Westmoreland,37186,US,115621,2014-11-26,ELEC
35.200297,-86.0943006,1602 Dinah Shore Blvd,TN,Winchester,37398,US,115622,2018-05-10,ELEC
36.142179,-86.739249,610 Murfreesboro Pike,TN,Nashville,37210,US,116720,2019-01-04,ELEC
36.151278,-86.855062,5500 Charlotte Pike,TN,Nashville,37209,US,117616,2019-02-02,ELEC
35.909186,-84.122148,10117 Parkside Dr,TN,Knoxville,37922,US,117698,2019-02-06,ELEC
36.052522,-86.656983,5264 Hickory Hollow Pl,TN,Nashville,37013,US,117699,2019-02-06,ELEC
36.167275,-86.777527,101 James Robertson Pkwy,TN,Nashville,37201,US,117772,2019-02-09,ELEC
36.298253,-88.310053,235 Tyson Ave,TN,Paris,38242,US,118930,2019-03-01,ELEC
36.067571,-86.630697,2501 Forest View Dr,TN,Nashville,37013,US,121675,2019-04-24,ELEC
36.59519,-87.2897,3050 Wilma Rudolph Blvd,TN,Clarksville,37040,US,121800,2018-08-30,ELEC
36.13346,-85.50762,1177 Sams Street,TN,Cookeville,38506,US,121803,2018-10-26,ELEC
35.92626,-84.06107,8445 Walbrook Drive,TN,Knoxville,37923,US,121808,2019-04-26,ELEC
35.66807,-88.85308,2196 Emporium Drive,TN,Jackson,38305,US,121811,2019-04-26,ELEC
35.20177,-89.79382,2755 North Germantown Parkway,TN,Memphis,38133,US,121816,2018-07-20,ELEC
35.0825,-85.06368,5588 Little Debbie Parkway,TN,Ooltewah,37363,US,121818,2018-08-23,ELEC
35.33,-89.87,5722 Integrity Dr,TN,Millington,38053,US,122148,2019-02-01,ELEC
35.338945,-89.86969,5722 Integrity Dr,TN,Millington,38053,US,122149,2019-02-01,ELEC
35.33,-89.87,5722 Integrity Dr,TN,Millington,38053,US,122150,2019-02-01,ELEC
35.33,-89.87,5722 Integrity Dr,TN,Millington,38053,US,122151,2019-02-01,ELEC
35.33,-89.87,5722 Integrity Dr,TN,Millington,38053,US,122152,2019-02-01,ELEC
35.33,-89.87,5722 Integrity Dr,TN,Millington,38053,US,122153,2019-02-01,ELEC
35.332599,-89.880914,Kittyhawk Ave,TN,Millington,38053,US,122154,2019-02-01,ELEC
36.13295,-85.50475,1131 S Jefferson Ave,TN,Cookeville,38506,US,122547,2019-01-31,ELEC
36.188956,-86.797155,100 French Landing Dr,TN,Nashville,37228,US,122548,2019-01-29,ELEC
35.933369,-83.915176,201 Ogle Ave,TN,Knoxville,37920,US,122755,2015-03-01,ELEC
35.801853,-83.563944,2815 Teaster Ln,TN,Pigeon Forge,37863,US,123152,2019-04-01,ELEC
35.843499,-86.435147,300 River Rock Blvd,TN,Murfreesboro,37128,US,123329,2019-05-01,ELEC
35.205106,-89.801697,7850 US Highway 64,TN,Bartlett,38133,US,123452,2019-03-01,ELEC
35.69242,-83.533731,107 Park Headquarters Rd,TN,Gatlinburg,37738,US,138543,2019-07-15,ELEC
36.386632,-82.498535,1212 Suncrest Dr,TN,Gray,37615,US,138583,2019-07-30,ELEC
35.955168,-83.914568,140 E Blount Ave,TN,Knoxville,37920,US,145149,2019-09-12,ELEC
35.955201,-83.915992,211 E Blount Ave,TN,Knoxville,37920,US,145150,2019-09-12,ELEC
36.296748,-82.471256,117 Boone St,TN,Jonesborough,37659,US,145555,2019-09-27,ELEC
36.319022,-82.353549,201 N Roan St,TN,Johnson City,37601,US,145557,2019-09-27,ELEC
35.10303,-89.803246,7794 Kings College Ave,TN,Germantown,38138,US,146773,2019-10-10,ELEC
35.94053,-86.81945,3600 Mallory Ln.,TN,Franklin,37067,US,146949,2019-10-12,ELEC
36.081158,-86.951253,7634 US-70S,TN,Nashville,37221,US,146988,2019-10-16,ELEC
36.080881,-86.950813,7640 US-70S,TN,Nashville,37221,US,146989,2019-10-16,ELEC
36.1597061,-86.7885981,210 11th Avenue N,TN,Nashville,37203,US,148476,2019-07-04,ELEC
36.27924,-88.30465,1490 Mineral Wells Ave,TN,Paris,38242,US,149480,2019-05-01,ELEC
36.27924,-88.30465,1490 Mineral Wells Ave,TN,Paris,38242,US,149495,2019-05-01,ELEC
35.996046,-86.525702,100 Sam Ridley Pkwy,TN,Smyrna,37167,US,149536,2019-11-27,ELEC
36.0767,-86.7212,391 Wallace Road,TN,Nashville,37211,US,149537,2019-11-27,ELEC
35.058727,-89.802956,3276 eagle lake drive,TN,Memphis,38119,US,149554,2019-11-27,ELEC
35.736697,-83.99328,1715 W Broadway Ave,TN,Maryville,37801,US,150000,2019-12-13,ELEC
36.110515,-86.723904,61 East Thompson Lane,TN,Nashville,37211,US,150215,2019-11-19,ELEC
35.974206,-86.576891,930 Colonnade Dr,TN,Smyrna,37167,US,150659,2019-03-15,ELEC
35.86208,-86.450357,1306 Greshampark Dr,TN,Murfreesboro,37129,US,150670,2019-03-04,ELEC
35.974685,-86.577599,950 Colonnade Dr,TN,Smyrna,37617,US,150689,2019-03-15,ELEC
36.132294,-85.504364,1161 S Jefferson Ave,TN,Cookeville,38506,US,152235,2020-01-07,ELEC
35.202501,-89.779719,2809 New Brunswick Road,TN,Memphis,38133,US,152338,2020-01-10,ELEC
36.149586,-82.418377,110 N Industrial Dr,TN,Erwin,37650,US,152563,2020-01-22,ELEC
36.16331,-86.789734,1010 Dr Martin L King Jr Blvd,TN,Nashville,37203,US,152995,2019-10-02,ELEC
35.956664,-86.818953,427 Nichol Mill Ln,TN,Brentwood,37027,US,153159,2020-01-30,ELEC
36.148162,-86.665805,2825 Elm Hill Pike,TN,Nashville,37214,US,153325,2020-02-06,ELEC
35.937412,-86.81097,6300 Tower Cir,TN,Franklin,37067,US,153685,2020-02-13,ELEC
36.152315,-86.807851,311 23rd Ave N,TN,Nashville,37203,US,154079,2020-02-27,ELEC
36.140718,-86.803386,1310 24th Ave S,TN,Nashville,37212,US,154145,2020-02-28,ELEC
35.910725,-86.383374,101-123 TN-268,TN,Murfreesboro,37130,US,154147,2020-02-28,ELEC
35.910369,-86.384607,188-244 TN-268,TN,Murfreesboro,37129,US,154148,2020-02-28,ELEC
35.051272,-85.301082,705 E. 4th St,TN,Chattanooga,37403,US,154498,2020-03-17,ELEC
35.847488,-86.424329,1850 Old Fort Parkway,TN,Murfreesboro,37129,US,155332,2020-04-14,ELEC
36.171467,-86.7815,801 2nd Ave N,TN,Nashville,37201,US,155530,2020-04-23,ELEC
35.794309,-83.562277,3050 Parkway,TN,Pigeon Forge,37863,US,156603,2020-05-22,ELEC
36.32513,-82.835075,195 Van Hill Rd,TN,Greeneville,37745,US,162530,2020-06-12,ELEC
35.79482,-83.566248,208 Pickel Street,TN,Pigeon Forge,37863,US,163419,2020-06-17,ELEC
36.168122,-86.51569,5001 Crossings Cir,TN,Mt. Juliet,37122,US,163587,2020-06-24,ELEC
36.164289,-86.518671,1980 Providence Pkwy,TN,Mt. Juliet,37122,US,163588,2020-06-24,ELEC
35.915624,-86.827691,1305 Murfreesboro Rd,TN,Franklin,37064,US,163613,2020-06-25,ELEC
35.040649,-85.31432,1300 Carter Street,TN,Chattanooga,37402,US,163721,2020-07-01,ELEC
35.802035,-83.564431,2819 Teaster LN,TN,Pigeon Forge,37863,US,163965,2020-06-26,ELEC
36.176765,-85.511381,320 University Drive,TN,Cookeville,38501,US,164275,2020-07-16,ELEC
36.51925,-86.0307,405 College St,TN,Lafayette,37083,US,164334,2020-07-17,ELEC
36.592938,-82.187959,801 Anderson St,TN,Bristol,37620,US,164559,2020-07-24,ELEC
36.163325,-82.828167,110 N College St,TN,Greeneville,37743,US,164560,2020-07-24,ELEC
35.729904,-83.483826,110 Mountain Loft Dr,TN,Gatlinburg,37738,US,164562,2020-07-24,ELEC
35.961862,-83.972406,3804 Middlebrook Pike,TN,Knoxville,37921,US,164563,2020-07-24,ELEC
35.96079,-83.91745,400 Main St,TN,Knoxville,37912,US,164564,2020-07-24,ELEC
36.072424,-86.933537,656 Colice Jeanne Rd,TN,Nashville,37221,US,164671,2020-07-31,ELEC
36.115736,-86.752546,2612 Winford Ave,TN,Nashville,37211,US,164736,2020-08-01,ELEC
35.974702,-86.575069,810 Expo Drive,TN,Smyrna,37167,US,164745,2020-08-01,ELEC
35.915395,-84.094352,216 Peregrine Way,TN,Knoxville,37922,US,164779,2020-08-01,ELEC
36.126212,-86.77796,2405 8th Ave S,TN,Nashville,37204,US,164857,2020-08-06,ELEC
35.812756,-83.536514,2525 DreamMore Way DreamMore Resort Parking L,TN,Pigeon Forge,37862,US,164862,2020-08-06,ELEC
35.796936,-83.53263,2700 Dollywood Parks Blvd. Dollywood's Prefer,TN,Pigeon Forge,37863,US,164863,2020-08-06,ELEC
36.126204,-86.777957,2405 8th Ave S,TN,Nashville,37204,US,164864,2020-08-06,ELEC
35.860445,-86.44726,2615 Medical Center Parkway,TN,Murfreesboro,37129,US,165163,2020-08-12,ELEC
36.266594,-85.95863,84 Dixon Springs Hwy,TN,Carthage,37030,US,165229,2020-08-14,ELEC
36.132627,-86.667087,1 Terminal Dr,TN,Nashville,37214,US,165230,2020-08-14,ELEC
35.589076,-87.01835,507 E James Campbell Blvd,TN,Columbia,38401,US,165443,2020-08-17,ELEC
35.225049,-88.250841,495 Main St,TN,Savannah,38372,US,165453,2020-08-17,ELEC
35.193655,-84.890415,110 Interstate Dr NW,TN,Cleveland,37312,US,165502,2020-08-26,ELEC
36.381214,-85.323326,210 N McHenry St,TN,Livingston,38570,US,166825,2020-09-12,ELEC
36.042359,-86.777834,780 Old Hickory Boulevard,TN,Brentwood,37027,US,166863,2020-09-10,ELEC
36.127888,-86.841022,4215 Harding PIke,TN,Nashville,37205,US,167403,2020-10-09,ELEC
36.042394,-86.773017,750 Old Hickory Blvd,TN,Brentwood,37027,US,167580,2020-10-12,ELEC
35.746964,-85.45841,430 Spring St,TN,Spencer,38585,US,167886,2020-10-28,ELEC
35.046127,-85.306948,817 Georgia Ave,TN,Chattanooga,37402,US,168148,2020-11-05,ELEC
36.536112,-87.353728,451 Marion St,TN,Clarksville,37040,US,168179,2020-11-06,ELEC
36.0045665,-86.5258659,278 Doug Warpoole Rd,TN,Smyrna,37167,US,168513,2020-11-17,ELEC
35.924793,-85.4652,5 W Maple St,TN,Sparta,38583,US,168530,2020-11-17,ELEC
35.0532539,-85.3121614,311 Chestnut St,TN,Chattanooga,37402,US,168837,2018-05-25,ELEC
36.168935,-86.506731,69 Belinda Pkwy,TN,Mount Juliet,37122,US,169134,2019-06-11,ELEC
36.32396,-82.393432,920 N State of Franklin Rd,TN,Johnson City,37604,US,169433,2020-11-24,ELEC
36.154393,-86.78763,1222 Demonbreun St,TN,Nashville,37203,US,170149,2020-12-15,ELEC
36.154798,-86.787408,1222 Demonbreun St,TN,Nashville,37203,US,170150,2020-12-15,ELEC
35.982143,-83.912201,1404 Woodbine Ave,TN,Knoxville,37917,US,170218,2020-12-01,ELEC
35.965185,-83.911493,545 Howard Baker Jr. Ave,TN,Knoxville,37915,US,170219,2020-12-01,ELEC
35.95635022237411,-83.86753655554199,2915 Island Home Ave,TN,Knoxville,37920,US,170220,2020-12-01,ELEC
35.961025,-83.962255,3131 Morris Ave,TN,Knoxville,37909,US,170221,2020-12-01,ELEC
35.965213,-83.920608,406 Walnut St,TN,Knoxville,37902,US,170222,2020-12-01,ELEC
35.9292395176567,-83.97377415356445,1400 Cherokee Blvd,TN,Knoxville,37919,US,170223,2020-12-01,ELEC
35.965035,-83.917487,500 State St,TN,Knoxville,37903,US,170224,2020-12-01,ELEC
35.92905,-84.04609,410 N Winston Rd,TN,Knoxville,37909,US,170225,2020-12-01,ELEC
35.799548,-83.561381,2925 Teaster Ln,TN,Pigeon Forge,37863,US,170294,2020-12-18,ELEC
35.47422,-86.07977,920 Hillsboro Blvd,TN,Manchester,37355,US,170349,2020-12-18,ELEC
35.797453,-83.565737,2905 Parkway,TN,Pigeon Forge,37863,US,170662,2020-12-30,ELEC
36.16067,-86.77889,550 Broadway,TN,Nashville,37203,US,171286,2021-01-14,ELEC
35.910308,-86.384071,112-186 TN-268,TN,Murfreesboro,37129,US,171287,2021-01-14,ELEC
36.16119,-86.77919,134 5th Ave N,TN,Nashville,37219,US,171310,2021-01-15,ELEC
36.160225,-86.78049,612 Broadway,TN,Nashville,37203,US,171311,2021-01-15,ELEC
36.160645,-86.78044,118 7th Ave N,TN,Nashville,37203,US,171312,2021-01-15,ELEC
36.160923,-86.78056,620 Commerce St,TN,Nashville,37203,US,171313,2021-01-15,ELEC
36.57109,-85.13344,300 W Main St,TN,Byrdstown,38549,US,171388,2021-01-20,ELEC
36.154701,-86.789639,1501 Broadway,TN,Nashville,37203,US,171421,2021-01-22,ELEC
35.861637,-84.062759,2035 Lakeside Centre Way,TN,Knoxville,37922,US,171460,2021-01-26,ELEC
36.026051,-86.789158,300 Centerview Dr,TN,Brentwood,37027,US,171571,2021-01-27,ELEC
36.153755,-86.767851,800 2nd Avenue South,TN,Nashville,37210,US,171710,2021-01-27,ELEC
36.153968,-86.767386,800 2nd Ave S,TN,Nashville,37210,US,171712,2021-01-27,ELEC
36.175775,-86.784728,1100 3rd Ave N,TN,Nashville,37208,US,171761,2021-01-27,ELEC
35.048115,-85.300922,548 Vine St,TN,Chattanooga,37403,US,171777,2021-01-27,ELEC
36.155398,-86.813525,2500 Charlotte Ave,TN,Nashville,37203,US,171799,2021-01-27,ELEC
35.979509,-86.804146,1568 Mallory Ln,TN,Brentwood,37027,US,171874,2021-01-27,ELEC
35.98036,-86.8045,1568 Mallory Ln,TN,Brentwood,37027,US,171875,2021-01-27,ELEC
35.979891,-86.804221,1568 Mallory Ln,TN,Brentwood,37027,US,171876,2021-01-27,ELEC
35.979353,-86.804628,1568 Mallory Ln,TN,Brentwood,37027,US,171877,2021-01-27,ELEC
36.160422,-86.774678,150 3rd Ave S 150 3rd Ave South,TN,Nashville,37201,US,171949,2021-01-27,ELEC
35.061236,-85.306042,200 River St,TN,Chattanooga,37405,US,171981,2021-01-27,ELEC
35.061217,-85.30602,200 River St,TN,Chattanooga,37405,US,171982,2021-01-27,ELEC
35.021531,-85.321354,3001-3099 St Elmo Ave,TN,Chattanooga,37408,US,172021,2021-01-27,ELEC
35.832928,-83.570396,1641 Parkway,TN,Sevierville,37862,US,172106,2021-01-27,ELEC
36.130683,-86.667512,140 BNA Park Drive,TN,Nashville,37214,US,172250,2021-01-27,ELEC
35.038071,-85.195733,1001 Airport Rd,TN,Chattanooga,37421,US,172629,2021-01-27,ELEC
35.038053,-85.195756,1001 Airport Rd,TN,Chattanooga,37421,US,172630,2021-01-27,ELEC
36.041636,-86.770464,320 Seven Springs Way,TN,Brentwood,37027,US,172637,2021-01-27,ELEC
36.041707,-86.770481,320 Seven Springs Way,TN,Brentwood,37027,US,172638,2021-01-27,ELEC
36.041803,-86.770483,320 Seven Springs Way,TN,Brentwood,37027,US,172639,2021-01-27,ELEC
35.050429,-85.050782,Hickman Drive,TN,Collegedale,37363,US,173022,2021-01-27,ELEC
35.050278,-85.050435,Hickman Drive,TN,Collegedale,37363,US,173023,2021-01-27,ELEC
35.050722,-85.050665,Hickman Drive,TN,Collegedale,37363,US,173024,2021-01-27,ELEC
36.130677,-86.667501,2 Terminal Dr,TN,Nashville,37214,US,173640,2021-01-27,ELEC
36.130658,-86.667497,2 Terminal Dr,TN,Nashville,37214,US,173641,2021-01-27,ELEC
36.142237,-86.739507,610 Murfreesboro Pike,TN,Nashville,37210,US,173676,2021-01-27,ELEC
36.1422,-86.739328,610 Murfreesboro Pike,TN,Nashville,37210,US,173677,2021-01-27,ELEC
36.142266,-86.739534,610 Murfreesboro Pike,TN,Nashville,37210,US,173678,2021-01-27,ELEC
36.052518,-86.65697,5264 Hickory Hollow Pl,TN,Nashville,37013,US,173779,2021-01-27,ELEC
36.16733,-86.777483,101 James Robertson Pkwy,TN,Nashville,37201,US,173786,2021-01-27,ELEC
35.955338,-83.914653,140 E Blount Ave,TN,Knoxville,37920,US,174420,2021-01-27,ELEC
35.955175,-83.916048,211 E Blount Ave,TN,Knoxville,37920,US,174421,2021-01-27,ELEC
36.080823,-86.95075,7638 US-70S,TN,Nashville,37221,US,174555,2021-01-27,ELEC
36.080902,-86.950746,7638 US-70S,TN,Nashville,37221,US,174556,2021-01-27,ELEC
35.956664,-86.818974,427 Nichol Mill Ln,TN,Brentwood,37027,US,175056,2021-01-27,ELEC
35.93748,-86.81119,6300 Tower Cir,TN,Franklin,37067,US,175162,2021-01-27,ELEC
36.152193,-86.807851,311 23rd Ave N,TN,Nashville,37203,US,175251,2021-01-27,ELEC
36.152202,-86.807787,311 23rd Ave N,TN,Nashville,37203,US,175252,2021-01-27,ELEC
36.152323,-86.807819,311 23rd Ave N,TN,Nashville,37203,US,175253,2021-01-27,ELEC
36.152263,-86.807723,311 23rd Ave N,TN,Nashville,37203,US,175254,2021-01-27,ELEC
36.152271,-86.807755,311 23rd Ave N,TN,Nashville,37203,US,175255,2021-01-27,ELEC
36.152245,-86.807905,311 23rd Ave N,TN,Nashville,37203,US,175256,2021-01-27,ELEC
36.15228,-86.80783,311 23rd Ave N,TN,Nashville,37203,US,175257,2021-01-27,ELEC
36.141586,-86.804474,1310 24th Ave S,TN,Nashville,37212,US,175273,2021-01-27,ELEC
36.141581,-86.804513,1310 24th Ave S,TN,Nashville,37212,US,175274,2021-01-27,ELEC
36.141524,-86.804512,1310 24th Ave S,TN,Nashville,37212,US,175275,2021-01-27,ELEC
36.132575,-86.667069,1 Terminal Dr,TN,Nashville,37214,US,181008,2021-01-27,ELEC
36.132598,-86.667076,1 Terminal Dr,TN,Nashville,37214,US,181009,2021-01-27,ELEC
36.132581,-86.667048,1 Terminal Dr,TN,Nashville,37214,US,181010,2021-01-27,ELEC
36.132604,-86.667055,1 Terminal Dr,TN,Nashville,37214,US,181011,2021-01-27,ELEC
36.132601,-86.667066,1 Terminal Dr,TN,Nashville,37214,US,181012,2021-01-27,ELEC
36.132628,-86.66708,1 Terminal Dr,TN,Nashville,37214,US,181013,2021-01-27,ELEC
36.132578,-86.667058,1 Terminal Dr,TN,Nashville,37214,US,181014,2021-01-27,ELEC
36.132631,-86.66707,1 Terminal Dr,TN,Nashville,37214,US,181015,2021-01-27,ELEC
36.154311,-86.787417,1222 Demonbreun St,TN,Nashville,37203,US,181946,2021-01-27,ELEC
35.799495,-83.561535,2925 Teaster Ln,TN,Pigeon Forge,37863,US,181990,2021-01-27,ELEC
35.799476,-83.561592,2925 Teaster Ln,TN,Pigeon Forge,37863,US,181991,2021-01-27,ELEC
35.79953,-83.56142,2925 Teaster Ln,TN,Pigeon Forge,37863,US,181992,2021-01-27,ELEC
35.795962,-83.537932,1022 Dollywood Ln,TN,Pigeon Forge,37863,US,181993,2021-01-27,ELEC
35.797472,-83.565772,2905 Parkway,TN,Pigeon Forge,37863,US,182151,2021-01-27,ELEC
36.160652,-86.779015,550 Broadway,TN,Nashville,37203,US,182230,2021-01-27,ELEC
36.1606,-86.778915,550 Broadway,TN,Nashville,37203,US,182231,2021-01-27,ELEC
36.16055,-86.778854,550 Broadway,TN,Nashville,37203,US,182232,2021-01-27,ELEC
36.1606,-86.77885,550 Broadway,TN,Nashville,37203,US,182233,2021-01-27,ELEC
36.160835,-86.779076,550 Broadway,TN,Nashville,37203,US,182234,2021-01-27,ELEC
36.160587,-86.77883,550 Broadway,TN,Nashville,37203,US,182235,2021-01-27,ELEC
36.16066,-86.778854,550 Broadway,TN,Nashville,37203,US,182236,2021-01-27,ELEC
35.910673,-86.384039,112-186 TN-268,TN,Murfreesboro,37129,US,182237,2021-01-27,ELEC
36.161053,-86.77924,134 5th Ave N,TN,Nashville,37219,US,182246,2021-01-27,ELEC
36.16119,-86.77928,134 5th Ave N,TN,Nashville,37219,US,182247,2021-01-27,ELEC
36.16103,-86.77917,134 5th Ave N,TN,Nashville,37219,US,182248,2021-01-27,ELEC
36.16122,-86.77928,134 5th Ave N,TN,Nashville,37219,US,182249,2021-01-27,ELEC
36.16127,-86.77925,134 5th Ave N,TN,Nashville,37219,US,182250,2021-01-27,ELEC
36.161175,-86.77925,134 5th Ave N,TN,Nashville,37219,US,182251,2021-01-27,ELEC
36.16023,-86.78032,612 Broadway,TN,Nashville,37203,US,182252,2021-01-27,ELEC
36.160217,-86.780426,612 Broadway,TN,Nashville,37203,US,182253,2021-01-27,ELEC
36.160057,-86.7804,612 Broadway,TN,Nashville,37203,US,182254,2021-01-27,ELEC
36.1601,-86.7801,612 Broadway,TN,Nashville,37203,US,182255,2021-01-27,ELEC
36.159996,-86.78047,612 Broadway,TN,Nashville,37203,US,182256,2021-01-27,ELEC
36.160748,-86.78034,118 7th Ave N,TN,Nashville,37203,US,182257,2021-01-27,ELEC
35.050555,-85.31839,1 Cameron Hill Circle,TN,Chattanooga,37402,US,182712,2021-01-27,ELEC
36.033329,-86.815457,5501 Virginia Way,TN,Brentwood,37027,US,182715,2021-01-27,ELEC
35.040118,-85.309134,1210 Broad Street,TN,Chattanooga,37402,US,182815,2021-01-27,ELEC
36.184011,-86.634005,2330 Jackson Downs Blvd,TN,Nashville,37214,US,182895,2021-01-27,ELEC
36.184013,-86.634012,2330 Jackson Downs Blvd,TN,Nashville,37214,US,182896,2021-01-27,ELEC
36.184079,-86.634031,2330 Jackson Downs Blvd,TN,Nashville,37214,US,182899,2021-01-27,ELEC
36.184065,-86.634039,2330 Jackson Downs Blvd,TN,Nashville,37214,US,182900,2021-01-27,ELEC
35.843489,-86.442813,2535 Old Fort Pkwy,TN,Murfreesboro,37128,US,182917,2021-01-27,ELEC
35.739499,-86.941084,1001 Crossings Blvd,TN,Spring Hill,37174,US,182925,2021-01-27,ELEC
35.739492,-86.9411,1001 Crossings Blvd,TN,Spring Hill,37174,US,182927,2021-01-27,ELEC
35.739517,-86.941099,1001 Crossings Blvd,TN,Spring Hill,37174,US,182928,2021-01-27,ELEC
35.739517,-86.941112,1001 Crossings Blvd,TN,Spring Hill,37174,US,182929,2021-01-27,ELEC
35.936914,-86.820273,300 Spring Creek Drive,TN,Franklin,37067,US,182931,2021-01-27,ELEC
35.936927,-86.820304,300 Spring Creek Drive,TN,Franklin,37067,US,182932,2021-01-27,ELEC
35.936926,-86.820299,300 Spring Creek Drive,TN,Franklin,37067,US,182933,2021-01-27,ELEC
35.936923,-86.820322,300 Spring Creek Drive,TN,Franklin,37067,US,182934,2021-01-27,ELEC
35.843437,-86.442816,2535 Old Fort Pkwy,TN,Murfreesboro,37128,US,182935,2021-01-27,ELEC
35.84341,-86.442821,2535 Old Fort Pkwy,TN,Murfreesboro,37128,US,182936,2021-01-27,ELEC
35.843462,-86.442824,2535 Old Fort Pkwy,TN,Murfreesboro,37128,US,182937,2021-01-27,ELEC
36.033381,-86.815361,5501 Virginia Way,TN,Brentwood,37027,US,183010,2021-01-27,ELEC
35.953728,-86.81553,7128 S Springs Dr,TN,Franklin,37067,US,183182,2021-01-27,ELEC
36.178294,-86.790855,1411 Rep. John Lewis Way N,TN,Nashville,37208,US,183265,2021-01-11,ELEC
35.018887,-85.339767,1720 S Scenic Highway,TN,Chattanooga,37409,US,183732,2021-02-02,ELEC
36.42418,-84.93206,196 Gaudin Ave,TN,Jamestown,38556,US,183856,2021-02-06,ELEC
36.128822,-86.77856,2223 8th Ave S,TN,Nashville,37204,US,184083,2021-01-27,ELEC
35.341474,-89.897308,N00639-B,TN,Millington,38053,US,184240,2021-01-15,ELEC
35.150128,-84.91461,2190 S Lee Hwy,TN,Cleveland,37311,US,184338,2021-01-15,ELEC
35.328458,-89.872281,Tarawa Ave,TN,Millington,38053,US,184339,2021-01-15,ELEC
35.840652,-86.372717,Middle Tennessee Blvd,TN,Mufreesboro,37129,US,184340,2021-01-15,ELEC
35.918514,-86.382551,3400 Lebanon Rd,TN,Murfreesboro,37129,US,184341,2021-01-15,ELEC
36.1417,-86.803693,1310 24th Ave S,TN,Nashville,37212,US,184342,2021-01-15,ELEC
35.093999,-85.227384,TVA Service Rd,TN,Chattanooga,37406,US,184454,2021-01-15,ELEC
35.898221,-84.518802,714 Swam Pond Rd,TN,Kingston,37748,US,184455,2021-01-15,ELEC
35.339428,-89.878128,Wasp Ave,TN,Millington,38053,US,184456,2021-01-15,ELEC
36.393948,-87.65122,815 Cumberland City Rd,TN,Cumberland,37050,US,184515,2021-01-15,ELEC
35.065896,-90.14586,2480 Hennington Ave,TN,Memphis,38109,US,184516,2021-01-15,ELEC
36.150316,-86.685079,26 Century Blvd,TN,Nashville,37214,US,184517,2021-01-15,ELEC
35.107128,-85.236329,4601 N Access Rd,TN,Chattanooga,37415,US,184523,2021-01-15,ELEC
35.093999,-85.227384,TVA Service Rd,TN,Chattanooga,37406,US,184533,2021-01-15,ELEC
35.043093,-85.309663,1101 Market St,TN,Chattanooga,37402,US,184534,2021-01-15,ELEC
35.335936,-89.871381,Hornet Ave,TN,Millington,38053,US,184555,2021-01-15,ELEC
35.644579,-84.850488,1270 Highway 68,TN,SpringCity,37381,US,184556,2021-01-15,ELEC
35.245634,-85.184795,Igou Ferry Rd,TN,Soddy Daisy,37379,US,184559,2021-01-15,ELEC
36.02409,-84.234908,200 Administration Rd,TN,Oak Ridge,37830,US,184643,2021-01-15,ELEC
35.9311,-84.309978,1 Bethel Valley Rd,TN,Oak Ridge National Laboratory,37830,US,184817,2021-01-15,ELEC
35.9311,-84.309978,1 Bethel Valley Rd,TN,Oak Ridge National Laboratory,37830,US,184818,2021-01-15,ELEC
35.9311,-84.309978,1 Bethel Valley Rd,TN,Oak Ridge National Laboratory,37830,US,184819,2021-01-15,ELEC
35.9311,-84.309978,1 Bethel Valley Rd,TN,Oak Ridge National Laboratory,37830,US,184820,2021-01-15,ELEC
35.9311,-84.309978,1 Bethel Valley Rd,TN,Oak Ridge National Laboratory,37830,US,184821,2021-01-15,ELEC
35.9311,-84.309978,1 Bethel Valley Rd,TN,Oak Ridge National Laboratory,37830,US,184822,2021-01-15,ELEC
35.9311,-84.309978,1 Bethel Valley Rd,TN,Oak Ridge National Laboratory,37830,US,184823,2021-01-15,ELEC
35.9311,-84.309978,1 Bethel Valley Rd,TN,Oak Ridge National Laboratory,37830,US,184824,2021-01-15,ELEC
35.9311,-84.309978,1 Bethel Valley Rd,TN,Oak Ridge National Laboratory,37830,US,184825,2021-01-15,ELEC
35.9311,-84.309978,1 Bethel Valley Rd,TN,Oak Ridge National Laboratory,37830,US,184826,2021-01-15,ELEC
36.132586,-86.667029,1 Terminal Dr,TN,Nashville,37214,US,184878,2021-02-12,ELEC
36.132583,-86.667039,1 Terminal Dr,TN,Nashville,37214,US,184879,2021-02-12,ELEC
36.132606,-86.667046,1 Terminal Dr,TN,Nashville,37214,US,184880,2021-02-12,ELEC
36.132609,-86.667037,1 Terminal Dr,TN,Nashville,37214,US,184889,2021-02-12,ELEC
36.311513,-86.598626,101 Maple Drive North,TN,Hendersonville,37075,US,184930,2021-02-12,ELEC
35.280461,-87.317161,One Western Way,TN,Lawrenceburg,38464,US,185298,2021-02-15,ELEC
35.914768,-84.097039,400 North Peters Rd,TN,Knoxville,37922,US,185379,2021-02-25,ELEC
36.144556,-86.675114,44 Rachel Dr,TN,Nashville,37214,US,185579,2021-03-05,ELEC
36.201006,-86.608176,4248 Andrew Jackson Pkwy,TN,Nashville,37076,US,186536,2021-03-24,ELEC
35.98602,-83.61025,3607 OUTDOOR SPORTSMAN PLACE,TN,Kodak,37764,US,186722,2021-03-30,ELEC
36.1063,-83.53303,1109 Hill Dr,TN,New Market,37820,US,187032,2021-04-03,ELEC
36.096482,-83.595043,800 Lick Skillet Ln,TN,New Market,37820,US,187832,2021-04-21,ELEC
35.084169,-85.068699,8876 Old Lee Highway,TN,Ooltewah,37363,US,187886,2021-04-22,ELEC
35.860817,-84.066754,2160 Lakeside Centre Way,TN,Knoxville,37922,US,189055,2021-04-30,ELEC
36.013271,-84.251523,300 South Rutgers Ave,TN,Oak Ridge,37830,US,189118,2021-05-03,ELEC
36.134009,-86.891923,6814 Charlotte Pike,TN,Nashville,37209,US,189352,2021-05-03,ELEC
35.142303,-90.04327,400 Monroe Ave,TN,Memphis,38103,US,189468,2021-05-11,ELEC
35.142185,-90.04329,400 Monroe Ave,TN,Memphis,38103,US,189469,2021-05-11,ELEC
35.02887,-84.38552,5082 US-64,TN,Ducktown,37317,US,189697,2021-05-14,ELEC
35.794669,-83.56214,3053 Parkway,TN,Pigeon Forge,37863,US,189914,2021-05-20,ELEC
35.828707,-83.574955,1820 Parkway,TN,Sevierville,37862,US,189915,2021-05-20,ELEC
36.136593,-86.801711,2111 Belcourt Ave,TN,Nashville,37212,US,189939,2021-05-21,ELEC
36.136593,-86.80171,2111 Belcourt Ave,TN,Nashville,37212,US,189940,2021-05-21,ELEC
35.7691,-83.9945,100 Hamilton Ridge Drive,TN,Maryville,37801,US,190710,2021-06-03,ELEC
36.29891,-82.293709,200 Blowers Blvd McMahan Student Center,TN,Johnson City,37601,US,190891,2021-06-11,ELEC
36.34751,-82.218583,404 E Elk Ave,TN,Elizabethton,37643,US,190892,2021-06-11,ELEC
36.1098,-86.72716,61 East Thompson Lane,TN,Nashville,37211,US,190999,2021-06-15,ELEC
36.190622,-86.795607,45 Vantage Way,TN,Nashville,37228,US,191339,2021-06-23,ELEC
36.17146,-86.781334,2nd Ave N & Stockyard St SB,TN,Nashville,37201,US,191530,2021-06-26,ELEC
35.806407,-83.572711,2655 Teaster Lane,TN,Pigeon Forge,37863,US,191696,2021-06-28,ELEC
35.867615,-83.564766,150 Bruce Street,TN,Sevierville,37862,US,193293,2021-07-29,ELEC
35.865219,-86.453605,1453 Silohill Lane,TN,Murfreesboro,37129,US,193311,2021-07-29,ELEC
36.160506,-86.787571,1010 Church St,TN,Nashville,37203,US,193891,2021-08-14,ELEC
36.160116,-86.787729,1010 Church St,TN,Nashville,37203,US,193892,2021-08-14,ELEC
36.159934,-86.787959,1010 Church St,TN,Nashville,37203,US,193893,2021-08-14,ELEC
36.160065,-86.78763,1010 Church St,TN,Nashville,37203,US,193894,2021-08-14,ELEC
36.16005,-86.787674,1010 Church St,TN,Nashville,37203,US,193895,2021-08-14,ELEC
36.160311,-86.787557,1010 Church St,TN,Nashville,37203,US,193896,2021-08-14,ELEC
36.160986,-86.785594,1010 Church St,TN,Nashville,37203,US,193897,2021-08-14,ELEC
36.160324,-86.78736,1010 Church St,TN,Nashville,37203,US,193898,2021-08-14,ELEC
36.161004,-86.78559,1010 Church St,TN,Nashville,37203,US,193899,2021-08-14,ELEC
36.160988,-86.78593,1010 Church St,TN,Nashville,37203,US,193900,2021-08-14,ELEC
36.160028,-86.787757,1010 Church St,TN,Nashville,37203,US,193901,2021-08-14,ELEC
36.160163,-86.787549,1010 Church St,TN,Nashville,37203,US,193902,2021-08-14,ELEC
36.160343,-86.78775,1010 Church St,TN,Nashville,37203,US,193904,2021-08-14,ELEC
36.160206,-86.78788,1010 Church St,TN,Nashville,37203,US,193905,2021-08-14,ELEC
36.160029,-86.787386,1010 Church St,TN,Nashville,37203,US,193906,2021-08-14,ELEC
36.161064,-86.785576,1010 Church St,TN,Nashville,37203,US,193907,2021-08-14,ELEC
36.16163,-86.785355,1010 Church St,TN,Nashville,37203,US,193908,2021-08-14,ELEC
36.160282,-86.78751,1010 Church St,TN,Nashville,37203,US,193909,2021-08-14,ELEC
36.160341,-86.787604,1010 Church St,TN,Nashville,37203,US,193910,2021-08-14,ELEC
36.160208,-86.787614,1010 Church St,TN,Nashville,37203,US,193930,2021-08-15,ELEC
36.508165,-82.445136,425 Rocky Branch Rd,TN,Blountville,37617,US,194239,2021-08-25,ELEC
35.847661,-86.409926,200 Golf Lane,TN,Murfreesboro,37129,US,194609,2021-08-27,ELEC
36.150654,-86.8199837,8 City Blvd,TN,Nashville,37209,US,195209,2016-12-06,ELEC
35.143282,-90.0525648,120 Union Avenue,TN,Memphis,38103,US,195211,2017-08-15,ELEC
35.8941599,-83.584364,1425 Old Knoxville Highway,TN,Sevierville,37876,US,195516,2021-09-07,ELEC
36.1925886,-86.7893509,281 Cumberland Bend,TN,Nashville,37228,US,195613,2021-09-08,ELEC
35.95815235865552,-83.9477262010498,2040 Sutherland Ave,TN,Knoxville,37919,US,195871,2021-09-14,ELEC
36.134026,-86.89188,6814 Charlotte Pike,TN,Nashville,37209,US,196054,2021-09-18,ELEC
36.129968,-86.791072,2060 15th Ave,TN,Nashville,37212,US,196165,2021-09-22,ELEC
35.93583,-84.00416,250  Brookview Centre Way,TN,Knoxville,37919,US,196259,2021-09-21,ELEC
35.956306,-83.92184,811 Neyland Dr,TN,Knoxville,37902,US,196459,2021-09-29,ELEC
36.0265965,-86.7876619,400 Centerview Drive,TN,Brentwood,37027,US,196555,2021-08-25,ELEC
35.149534,-90.04898,,TN,Memphis,38116,US,197019,2021-09-21,ELEC
35.03978,-85.68505,300  Kimball Crossing Drive,TN,Kimball,37347,US,197423,2021-10-05,ELEC
35.0367,-84.38164,340 Main St,TN,Ducktown,37326,US,197819,2021-10-15,ELEC
35.98435,-85.01058,2444  Genesis Road,TN,Crossville,38571,US,198001,2021-10-16,ELEC
36.314372,-86.71014,205 Rivergate Pkwy,TN,Goodlettsville,37072,US,198080,2021-10-22,ELEC
36.142438,-86.741004,600 Murfreesboro Pike,TN,Nashville,37210,US,201586,2021-11-25,ELEC
36.404584,-86.443991,210 Albert Gallatin Avenue,TN,Gallatin,37066,US,201851,2021-12-01,ELEC
35.796692,-83.566272,2910 Parkway,TN,Pigeon Forge,37863,US,201858,2021-12-01,ELEC
36.139418,-86.801205,1501 21st Ave South,TN,Nashville,37212,US,201871,2021-12-01,ELEC
35.7089,-83.522497,714 River Road,TN,Gatlinburg,37738,US,201872,2021-12-01,ELEC
35.021442,-89.723414,4651 S Houston Levee Rd,TN,Collierville,38017,US,202435,2021-12-11,ELEC
36.03354,-86.81616,210 Granny White Pike,TN,Brentwood,37027,US,202518,2021-12-15,ELEC
36.409058,-86.381804,1432 Gateway Dr,TN,Gallatin,37066,US,202678,2021-12-16,ELEC
36.409118,-86.381825,1432 Gateway Dr,TN,Gallatin,37066,US,202679,2021-12-16,ELEC
36.032825,-86.81613,218 Granny White Pike,TN,Brentwood,37027,US,203123,2021-12-29,ELEC
36.31438,-86.71021,205 Rivergate Pkwy,TN,Goodlettsville,37072,US,204654,2022-01-12,ELEC
36.062978,-86.809912,1160 Otter Creek Rd,TN,Nashville,37220,US,204881,2021-09-28,ELEC
36.133957,-86.891902,6814 Charlotte Pike,TN,Nashville,37209,US,205447,2022-01-28,ELEC
36.283643,-86.696213,530 Myatt Dr,TN,Nashville,37115,US,206118,2022-02-10,ELEC
36.376248,-82.36991,3631 US-11E,TN,Johnson City,37601,US,206159,2022-02-11,ELEC
35.04525,-85.309908,10 W ML King Blvd,TN,Chattanooga,37405,US,206279,2020-12-06,ELEC
36.144836,-86.767916,1137 4th Ave S,TN,Nashville,37210,US,207612,2022-03-04,ELEC
36.144843,-86.767932,1137 4th Ave S,TN,Nashville,37210,US,207613,2022-03-04,ELEC
36.145579,-86.768181,1125 4th Ave S,TN,Nashville,37210,US,207614,2022-03-04,ELEC
36.14557,-86.768198,1125 4th Ave S,TN,Nashville,37210,US,207615,2022-03-04,ELEC
36.145573,-86.768191,1125 4th Ave S,TN,Nashville,37210,US,207616,2022-03-04,ELEC
36.145563,-86.768203,1125 4th Ave S,TN,Nashville,37210,US,207617,2022-03-04,ELEC
35.061122,-89.841393,6625 Lenox Park Dr.,TN,Memphis,38115,US,212009,2022-03-18,ELEC
35.649698,-88.126063,50 East Main Street,TN,Parsons,38363,US,212793,2022-03-25,ELEC
36.155648,-86.813396,2500 Charlotte Ave,TN,Nashville,37203,US,212954,2022-03-27,ELEC
36.015092,-86.530651,1280 Thunderbird Drive,TN,Smyrna,37167,US,213313,2022-04-01,ELEC
36.400298,-83.018459,1200 W Main St,TN,Rogersville,37857,US,213319,2022-04-02,ELEC
35.823626,-86.393762,1625 S Church St,TN,Murfreesboro,37130,US,213333,2022-04-02,ELEC
35.823611,-86.393942,1625 S Church St,TN,Murfreesboro,37130,US,213334,2022-04-02,ELEC
36.150986,-86.78168,906 Division St,TN,Nashville,37203,US,213411,2022-04-05,ELEC
36.150997,-86.78171,906 Division St,TN,Nashville,37203,US,213412,2022-04-05,ELEC
36.150821,-86.781381,908 Division St,TN,Nashville,37203,US,213413,2022-04-05,ELEC
36.151149,-86.781393,908 Division St,TN,Nashville,37203,US,213414,2022-04-05,ELEC
36.150725,-86.781359,906 Division St,TN,Nashville,37203,US,213415,2022-04-05,ELEC
36.150797,-86.781441,906 Division St,TN,Nashville,37203,US,213416,2022-04-05,ELEC
35.9205746,-84.0871229,9128 Executive Park Drive,TN,Knoxville,37923,US,213661,2022-04-08,ELEC
36.48965869,-86.866421317,2516 Memorial Blvd,TN,Springfield,37172,US,213664,2022-04-08,ELEC
36.10319,-84.580315,1226 Knoxville Hwy,TN,Wartburg,37887,US,213805,2022-04-11,ELEC
36.1016352,-86.867505,170 Windsor Drive,TN,Nashville,37205,US,213809,2022-04-11,ELEC
36.154585,-86.771998,615 3rd Ave S,TN,Nashville,37210,US,214982,2022-04-26,ELEC
35.9749,-86.566579,200 StoneCrest Blvd,TN,Smyrna,37167,US,216558,2022-05-04,ELEC
35.9752582,-86.5648355,200 StoneCrest Blvd,TN,Smyrna,37167,US,216559,2022-05-03,ELEC
35.8084208710653,-83.5787331890505,2492 Pkwy,TN,Pigeon Forge,37869,US,217033,2022-05-02,ELEC
35.8076073596169,-83.5797587748517,120 Community Center Dr,TN,Pigeon Forge,37863,US,217034,2022-05-02,ELEC
35.7071607742383,-83.543696446114,904 Echo Pl,TN,Gatlinburg,37738,US,217036,2022-05-02,ELEC
35.7351298987626,-83.4536300047338,1646 Cardinal Dr,TN,Gatlinburg,37738,US,217037,2022-05-02,ELEC
35.7524632932533,-83.7636172871642,Mountain Ldg Rd,TN,Walland,37886,US,217038,2022-05-02,ELEC
35.7075200222785,-83.5114088515913,621 Davenport Rd,TN,Gatlinburg,37738,US,217039,2022-05-02,ELEC
35.9758092443837,-83.6070722124112,3385 Winfield Dunn Pkwy,TN,Kodak,37764,US,217040,2022-05-02,ELEC
36.2254285349065,-83.2562651281811,2903 Millers Pointe Dr,TN,Morristown,37813,US,217041,2022-05-02,ELEC
36.186867908353,-82.7671347526061,3365 E Andrew Johnson Hwy,TN,Greeneville,37745,US,217042,2022-05-02,ELEC
35.9265555,-86.817675,2200 Aureum Drive,TN,Franklin,37067,US,218194,2021-08-30,ELEC
35.9265555,-86.817675,2200 Aureum Drive,TN,Franklin,37067,US,218195,2021-08-30,ELEC
36.062927,-86.80989,1160 Otter Creek Rd,TN,Nashville,37220,US,218219,2022-04-12,ELEC
36.283447,-86.696002,530 Myatt Dr,TN,Nashville,37115,US,218517,2022-05-19,ELEC
36.13201,-86.75288,336 WOODYCREST AVENUE,TN,Nashville,37210,US,219003,2022-05-21,ELEC
35.911368,-86.817563,1450 Murfreesboro Rd,TN,Franklin,37067,US,220280,2022-05-27,ELEC
35.860623,-84.064901,2095 Lakeside Centre Way,TN,Knoxville,37922,US,220406,2022-06-01,ELEC
36.089213,-86.751365,4521 Trousdale Drive,TN,Nashville,37204,US,220482,2019-12-09,ELEC
35.862155,-86.836791,7100 Berry Farms Crossing,TN,Franklin,37064,US,220740,2022-06-03,ELEC
35.843997,-86.393032,111 W Vine St,TN,Murfreesboro,37130,US,220798,2022-06-06,ELEC
36.09687,-87.27262,1000 Hotel Ave,TN,Burns,37029,US,221164,2022-06-09,ELEC
36.09687,-87.27262,1000 Hotel Ave,TN,Burns,37029,US,221165,2022-06-09,ELEC
35.99973591,-83.8757391,3974 Holston Dr,TN,Knoxville,37914,US,221171,2022-06-08,ELEC
36.153492,-86.76732,800 2nd Avenue South,TN,Nashville,37210,US,221286,2022-06-15,ELEC
35.952831,-84.155125,2361 Cherahala Blvd,TN,Knoxville,37932,US,221585,2022-06-21,ELEC
36.353538,-84.153409,1916 Jacksboro Pike,TN,LaFollette,37766,US,222251,2022-06-30,ELEC
36.180826,-86.30188,140 Dixie Ave,TN,Lebanon,37090,US,222541,2022-07-01,ELEC
35.92739125,-84.1486854,1229 Lovell Rd.,TN,Knoxville,37932,US,223446,2022-07-13,ELEC
36.1967754,-86.8090888,541 Great Circle Road,TN,Nashville,37228,US,223752,2020-12-09,ELEC
35.8381396,-83.5588686,301 Collier Drive,TN,Sevierville,37862,US,224265,2022-03-01,ELEC
35.8353493,-83.5574585,308 Collier Drive,TN,Sevierville,37862,US,224266,2022-03-01,ELEC
35.139481,-90.029555,20 South Dudley St,TN,Memphis,38103,US,224524,2022-07-27,ELEC
35.974178,-86.510301,315 S. Lowry St,TN,Smyrna,37167,US,224722,2022-08-02,ELEC
36.1499978,-86.8209358,9 City Place,TN,Nashville,37209,US,225309,2018-06-14,ELEC
36.14874591,-86.79833023,905 20th Ave S,TN,Nashville,37203,US,225310,2016-04-21,ELEC
36.531914,-82.24716,2460 Volunteer Pkwy,TN,Bristol,37620,US,225498,2022-08-13,ELEC
36.592936,-82.187957,835 Anderson St,TN,Bristol,37620,US,225499,2022-08-13,ELEC
36.157303,-86.78023,710 Demonbreun St,TN,Nashville,37203,US,226170,2022-08-24,ELEC
36.157055,-86.78057,703 Demonbreun St,TN,Nashville,37203,US,226171,2022-08-24,ELEC
36.157104,-86.7808,700 Demonbreun St,TN,Nashville,37203,US,226172,2022-08-24,ELEC
36.157257,-86.78012,708 Demonbreun St,TN,Nashville,37203,US,226173,2022-08-24,ELEC
36.150209,-86.799708,2010 Terrace Place,TN,Nashville,37203,US,226210,2022-08-24,ELEC
36.142079,-86.805809,2401 Highland Ave,TN,Nashville,37212,US,226211,2022-08-23,ELEC
36.14572,-86.798679,1921-2041 Scarritt Place,TN,Nashville,37212,US,226212,2022-08-23,ELEC
36.157394,-86.780396,708 Demonbreun St,TN,Nashville,37203,US,226239,2022-08-25,ELEC
35.9221672606696,-84.142378422786,942 Corridor Park Blvd,TN,Knoxville,37932,US,226550,2022-08-24,ELEC
36.342488,-88.851305,109 University Street,TN,Martin,38237,US,226736,2022-08-31,ELEC
36.342428,-88.851306,109 University Street,TN,Martin,38237,US,226765,2022-08-31,ELEC
36.156111,-86.788266,1221 Broadway,TN,Nashville,37203,US,227289,2022-09-08,ELEC
35.20226,-89.79448,2765  North Germantown Parkway,TN,Memphis,38133,US,227380,2022-09-02,ELEC
35.036512,-85.159957,2100 Hamilton Place Boulevard,TN,Chattanooga,37421,US,227388,2022-09-02,ELEC
36.2484615,-86.6457552,1904 Old Hickory Blvd,TN,Old Hickory,37138,US,227404,2022-10-29,ELEC
36.16341,-86.779297,505 Church St,TN,Nashville,37219,US,227487,2022-09-14,ELEC
35.015114,-85.182522,6806 E Brainerd Rd,TN,Chattanooga,37421,US,227549,2022-09-14,ELEC
36.103882,-86.820568,4041 Hillsboro Cir,TN,Nashville,37215,US,227953,2018-03-07,ELEC
36.20312,-86.690325,433 Opry Mills Dr,TN,Nashville,37214,US,227955,2018-03-07,ELEC
35.995223,-86.785691,8207 Concord Rd,TN,Brentwood,37027,US,227978,2018-03-07,ELEC
35.045063,-85.156046,2343 Shallowford Village Dr,TN,Chattanooga,37421,US,228006,2018-03-07,ELEC
35.019854,-85.380301,74 Starview Ln,TN,Chattanooga,37419,US,228007,2018-03-07,ELEC
36.164227,-86.769632,1 Titans Way,TN,Nashville,37213,US,228102,2018-03-07,ELEC
35.963478,-83.920639,540 Locust St SW,TN,Knoxville,37902,US,228899,2022-08-02,ELEC
36.156073,-86.788263,1221 Broadway,TN,Nashville,37203,US,228937,2022-09-23,ELEC
36.176454992603,-86.754779240475,926 Main Street Suite A,TN,Nashville,37206,US,229254,2015-02-06,ELEC
36.142222,-86.739494,610 Murfreesboro Pike,TN,Nashville,37210,US,229478,2022-09-29,ELEC
36.24801,-87.029523,1609 TN-12,TN,Ashland City,37015,US,229912,2022-09-15,ELEC
35.388477,-86.234825,2000 N Jackson St,TN,Tullahoma,37388,US,230944,2022-09-30,ELEC
36.28376,-86.69596,530 Myatt Dr,TN,Nashville,37115,US,231742,2022-10-04,ELEC
36.139238,-86.821552,110 Murphy Ct Sute 100,TN,Nashville,37203,US,232925,2022-10-05,ELEC
36.139197,-86.821374,100 Murphy Ct,TN,Nashville,37203,US,232926,2022-10-05,ELEC
36.07793,-86.97781,8001 HWY 705,TN,Nashville,37221,US,234664,2022-10-19,ELEC
36.160238,-86.773916,160 2nd Ave S,TN,Nashville,37201,US,234682,2022-10-20,ELEC
36.160279,-86.773893,160 2nd Ave S,TN,Nashville,37201,US,234683,2022-10-20,ELEC
36.160313,-86.773914,160 2nd Ave S,TN,Nashville,37201,US,234684,2022-10-20,ELEC
36.185885,-86.816809,2400 Clarksville Pike,TN,Nashville,37208,US,235468,2022-10-29,ELEC
35.0315934,-85.1620677,2030 Hamilton Place Blvd.,TN,Chattanooga,37421,US,235529,2022-09-28,ELEC
35.588922,-87.041679,101 S James Campbell Blvd,TN,Columbia,38401,US,236335,2022-11-18,ELEC
35.645406,-87.012782,1370 Nashville Hwy,TN,Columbia,38401,US,236352,2022-11-19,ELEC
35.645251,-87.012801,1370 Nashville Hwy,TN,Columbia,38401,US,236398,2022-11-22,ELEC
35.89914,-85.00024,24 Office Dr,TN,Crossville,38555,US,236436,2022-09-16,ELEC
35.89921,-85.00018,24 Office Dr,TN,Crossville,38555,US,236437,2022-09-16,ELEC
35.6552,-85.36635,2536 Lakeside Rd.,TN,Spencer,38585,US,236520,2022-10-24,ELEC
35.6552,-85.36635,2536 Lakeside Rd.,TN,Spencer,38585,US,236521,2022-10-24,ELEC
35.66185,-85.34894,10821 Park Rd,TN,Pikeville,37367,US,236522,2022-10-25,ELEC
35.66187,-85.34892,10821 Park Rd,TN,Pikeville,37367,US,236523,2022-10-25,ELEC
35.785,-83.98909,361 Fountain View Circle,TN,Alcoa,37701,US,238027,2022-12-15,ELEC
36.009188,-84.261873,100 ORAU Way,TN,Oak Ridge,37830,US,238031,2022-12-15,ELEC
35.99827472,-83.963328993,4101 Clinton Highway,TN,Knoxville,37912,US,238071,2022-12-15,ELEC
35.955938,-86.844509,1994 Carters Creek Pike,TN,Franklin,37064,US,238133,2022-12-15,ELEC
35.010877,-85.703248,220 East 3rd St,TN,South Pittsburg,37380,US,238138,2022-12-15,ELEC
36.58466,-84.14158,143 Indian Mountain State Park Cir,TN,Jellico,37762,US,238542,2022-12-21,ELEC
36.58466,-84.14157,143 Indian Mountain State Park Cir,TN,Jellico,37762,US,238680,2022-12-21,ELEC
36.4942,-82.48268,490 Hemlock Rd.,TN,Kingsport,37663,US,238681,2022-12-22,ELEC
36.4942,-82.48267,490 Hemlock Rd.,TN,Kingsport,37663,US,238682,2022-12-22,ELEC
35.43469,-85.53998,3157 SR-399,TN,Palmer,37365,US,238735,2022-12-23,ELEC
35.43469,-85.53999,3157 SR-399,TN,Palmer,37365,US,238736,2022-12-23,ELEC
36.594181,-82.213344,2622 W State St,TN,Bristol,37620,US,240774,2023-01-02,ELEC
36.3372,-82.4077769,3078 Hamilton Place,TN,Johnson City,37604,US,241184,2022-12-21,ELEC
35.8621298,-86.4470782,2615 Medical Center Parkway,TN,Murfreesboro,37129,US,241190,2022-12-20,ELEC
35.04681,-85.3126486,801 Broad Street,TN,Chattanooga,37402,US,241210,2022-12-28,ELEC
35.8694,-86.468,3625 Manson Pike,TN,Murfreesboro,37128,US,241213,2022-11-30,ELEC
35.971974,-86.5718464,2631 Highwood Blvd,TN,Smyrna,37167,US,250380,2022-11-23,ELEC
36.010541,-84.263071,212 Badger Avenue,TN,Oak Ridge,37830,US,250467,2023-01-10,ELEC
36.146941,-86.692287,600 Marriott Drive,TN,Nashville,37214,US,250802,2023-01-16,ELEC
36.1584757,-86.7768779,210 Molloy Street,TN,Nashville,37201,US,250900,2022-03-21,ELEC
35.96398,-83.92054,508  Union Ave,TN,Knoxville,37902,US,250915,2022-07-05,ELEC
35.135898,-89.990419,21  South Cooper,TN,Memphis,38014,US,250964,2022-03-28,ELEC
36.37602,-82.4291,2 Orr Court,TN,Johnson City,37615,US,250998,2022-06-28,ELEC
35.95399,-83.68675,2809 Kelly Lane,TN,Kodak,37764,US,251142,2023-01-19,ELEC
35.95399,-83.68676,2809 Kelly Lane,TN,Kodak,37764,US,251143,2023-01-19,ELEC
36.28707,-88.30118,1020 Maurice Fields Dr,TN,Paris,38242,US,251184,2023-01-21,ELEC
36.28706,-88.30125,1020 Maurice Fields Dr,TN,Paris,38242,US,251185,2023-01-21,ELEC
36.28706,-88.30126,1020 Maurice Fields Dr,TN,Paris,38242,US,251186,2023-01-21,ELEC
36.1790632,-86.792345,603 Press Pl,TN,Nashville,37208,US,251570,2022-08-11,ELEC
36.364317,-82.391903,3408 N Roan St,TN,Johnson City,37601,US,251905,2023-01-25,ELEC
36.364325,-82.391903,3408 N Roan St,TN,Johnson City,37601,US,251906,2023-01-25,ELEC
36.113418,-86.800514,3421 Belmont Blvd,TN,Nashville,37215,US,252655,2023-01-30,ELEC
35.190292,-89.798684,7900 Ikea Way,TN,Memphis,38016,US,252870,2023-02-01,ELEC
35.190275,-89.798598,7900 Ikea Way,TN,Memphis,38016,US,252871,2023-02-01,ELEC
36.139281,-86.820851,3415 Murphy Rd,TN,Nashville,37203,US,252946,2023-02-01,ELEC
36.036924,-86.796061,1 CADILLAC DRIVE,TN,BRENTWOOD,37027,US,252981,2023-02-02,ELEC
35.863038,-86.448709,1200 Conference Center Blvd,TN,Murfreesboro,37129,US,253324,2023-02-03,ELEC
35.863012,-86.448677,1200 Conference Center Blvd,TN,Murfreesboro,37129,US,253325,2023-02-03,ELEC
35.863065,-86.448667,1200 Conference Center Blvd,TN,Murfreesboro,37129,US,253326,2023-02-03,ELEC
35.863194,-86.448749,1200 Conference Center Blvd,TN,Murfreesboro,37129,US,253327,2023-02-03,ELEC
36.343753,-83.270041,1171 US-11W,TN,Bean Station,37708,US,253435,2023-02-07,ELEC
36.343763,-83.269991,1171 US-11W,TN,Bean Station,37708,US,253438,2023-02-07,ELEC
35.863003,-86.448666,1200 Conference Center Blvd,TN,Murfreesboro,37129,US,253480,2023-02-07,ELEC
35.979514,-85.015423,2045 Genesis Rd,TN,Crossville,38555,US,253766,2023-02-07,ELEC
35.633239,-87.0212915,919 Nashville Highway,TN,Columbia,38401,US,253950,2022-06-13,ELEC
36.30925,-84.21128,110 Cove Lake Ln,TN,Caryville,37714,US,254009,2022-12-22,ELEC
36.30929,-84.2113,110 Cove Lake Ln,TN,Caryville,37714,US,254010,2022-12-22,ELEC
36.163962,-86.781801,511 Union Street,TN,Nashville,37219,US,254105,2023-02-16,ELEC
36.163423,-86.781679,220 6th Ave North,TN,Nashville,37219,US,254106,2023-02-16,ELEC
36.173778,-86.513702,48 Old Pleasant Grove Road,TN,Mount Juliet,37122,US,254404,2023-02-18,ELEC
36.005686,-83.770234,7445 Sawyer Ln,TN,Knoxville,37924,US,254493,2022-07-20,ELEC
35.886257,-86.38046,2310 Memorial Blvd,TN,Murfreesboro,37130,US,255098,2022-12-14,ELEC
36.165857,-84.08673,111 Hillvale Rd,TN,Clinton,37716,US,255115,2022-12-14,ELEC
35.9245143,-86.8182775,2500 Aureum Drive,TN,Franklin,37067,US,255223,2021-08-30,ELEC
36.5423,-84.96225,2609 N York Highway,TN,Pall Mall,38577,US,256359,2023-03-14,ELEC
36.54225,-84.96229,2609 N York Highway,TN,Pall Mall,38577,US,256360,2023-03-14,ELEC
35.92166,-86.86182,405 Murfreesboro Rd,TN,Franklin,37064,US,256932,2022-10-04,ELEC
35.1377913,-90.0220815,1180 Union Ave,TN,Memphis,38104,US,257078,2022-06-20,ELEC
35.11149,-85.17779,5801 Champion Rd,TN,Chattanooga,37415,US,257127,2023-03-24,ELEC
35.11149,-85.17778,5801 Champion Rd,TN,Chattanooga,37415,US,257128,2023-03-24,ELEC
34.98834585398016,-85.1904503399761,6801 Ringgold Road,TN,Chattanooga,37412,US,257233,2022-12-30,ELEC
35.04534876687485,-85.1586753199182,2312 Center Street,TN,Chattanooga,37421,US,257234,2022-12-30,ELEC
36.16294,-86.782825,623 Union Street,TN,Nashville,37219,US,257408,2023-02-06,ELEC
35.825657,-84.271371,585 Fort Loudon Medical Center Dr,TN,Lenoir City,37772,US,257410,2023-03-16,ELEC
35.97148915,-86.5708353,2573 Highwood Blvd,TN,Smyrna,37167,US,257464,2022-12-15,ELEC
36.133207,-85.506657,1250 Sams Street,TN,Cookeville,38506,US,257515,2022-11-23,ELEC
36.04246,-86.778046,780 Old Hickory Blvd,TN,Brentwood,37027,US,257760,2023-04-01,ELEC
36.042458,-86.778027,780 Old Hickory Blvd,TN,Brentwood,37027,US,257761,2023-04-01,ELEC
36.18234,-86.46744,12008 Volunteer Blvd,TN,Mt. Juliet,37122,US,258889,2023-04-06,ELEC
36.10901,-86.81348,2106 Crestmoor Rd,TN,Nashville,37215,US,258894,,ELEC
35.2031385,-89.8134199,7490 Appling Center Dr,TN,Memphis,38133,US,258917,,ELEC
36.10319,-84.580315,1226 Knoxville Hwy,TN,Wartburg,37887,US,259305,2022-08-26,ELEC
36.16376,-82.09485,1011 TN-143,TN,Roan Mountain,37687,US,259359,2023-04-13,ELEC
36.16385,-82.09503,1011 TN-143,TN,Roan Mountain,37687,US,259360,2023-04-13,ELEC
36.19479,-83.309208,919 Jarnigan Avenue,TN,Morristown,37813,US,259568,2023-04-19,ELEC
35.07662,-85.12893,8001 Volkswagen Dr,TN,Chattanooga,37416,US,259577,2023-04-19,ELEC
36.34399,-82.25155,1651 W Elk Ave,TN,Elizabethton,37643,US,259587,2023-04-19,ELEC
36.34396,-82.25156,1651 W Elk Ave,TN,Elizabethton,37643,US,259588,2023-04-19,ELEC
36.176823,-86.608305,5655 First Blvd,TN,Hermitage,37076,US,259596,2023-04-19,ELEC
35.856787,-86.4470782,2615 Medical Center Parkway,TN,Murfreesboro,37129,US,259598,2022-07-09,ELEC
35.687928,-85.762966,807 Sparta St,TN,McMinnville,37110,US,259690,2023-04-21,ELEC
35.966575,-86.804067,1656 Westgate CIR,TN,Brentwood,37027,US,259740,2023-01-25,ELEC
35.237604,-85.850886,754 W Main St,TN,Monteagle,37356,US,259988,2023-04-27,ELEC
36.186491,-82.766926,3365 East Andrew Johnson Highway,TN,Greenville,37745,US,260204,2023-05-02,ELEC
35.193805,-87.340416,2347 Hwy 43 N,TN,Leoma,38468,US,260231,2023-05-03,ELEC
35.193807,-87.340462,2347 Hwy 43 N,TN,Leoma,38468,US,260232,2023-05-03,ELEC
36.19161,-88.89071,295 Big Cypress Rd,TN,Greenfield,38230,US,260319,2023-05-05,ELEC
36.1916,-88.89067,295 Big Cypress Rd,TN,Greenfield,38230,US,260320,2023-05-05,ELEC
36.21223,-84.07277,125 Village Green Circle,TN,Rocky Top,37769,US,260321,2023-05-04,ELEC
36.21222,-84.07285,125 Village Green Circle,TN,Rocky Top,37769,US,260322,2023-05-04,ELEC
36.045123,-86.654418,5333 Hickory Hollow Pkwy,TN,Antioch,37013,US,260512,2023-05-09,ELEC
36.135103,-86.763202,2138 Byrum Ave,TN,Nashville,37203,US,260563,2023-05-10,ELEC
36.523896,-87.223369,701 Sango Road,TN,Clarksville,37043,US,260564,2023-05-10,ELEC
36.52389,-87.223343,701 Sango Road,TN,Clarksville,37043,US,260565,2023-05-10,ELEC
36.523888,-87.223311,701 Sango Road,TN,Clarksville,37043,US,260566,2023-05-10,ELEC
36.523885,-87.223281,701 Sango Road,TN,Clarksville,37043,US,260567,2023-05-10,ELEC
35.546932,-87.552598,28 S Park Ave,TN,Hohenwald,38462,US,260647,2023-05-11,ELEC
36.160813,-86.773836,151 1st Ave S,TN,Nashville,37201,US,260853,2023-05-16,ELEC
36.159358,-86.773256,222 2nd Ave S,TN,Nashville,37201,US,261045,2023-05-19,ELEC
35.106381,-89.882034,5401 Poplar Ave,TN,Memphis,38119,US,261109,2023-05-20,ELEC
35.125036952376,-90.058962365151,834 South Main Street,TN,Memphis,38106,US,261314,2022-12-13,ELEC
35.059761,-85.191167,6039 International Dr,TN,Chattanooga,37421,US,261326,2023-05-25,ELEC
35.059991,-85.191646,6037 International Dr,TN,Chattanooga,37421,US,261327,2023-05-25,ELEC
35.060319,-85.190462,2105 Test Dr,TN,Chattanooga,37421,US,261328,2023-05-25,ELEC
35.546939,-87.552678,28 S Park Ave,TN,Hohenwald,38462,US,261404,2023-05-26,ELEC
36.07533,-86.697138,5217 Linbar Dr,TN,Nashville,37211,US,261517,2023-05-27,ELEC
36.159782,-86.805984,615 Spruce St,TN,Nashville,37203,US,261628,2023-05-31,ELEC
36.591762,-82.261508,392 Pinnacle Pkwy,TN,Bristol,37620,US,261712,2023-06-01,ELEC
36.591862,-82.261597,392 Pinnacle Pkwy,TN,Bristol,37620,US,261713,2023-06-01,ELEC
36.591891,-82.261608,392 Pinnacle Pkwy,TN,Bristol,37620,US,261714,2023-06-01,ELEC
36.1442448,-86.7663715,1219 4th Ave S,TN,Nashville,37210,US,262227,2023-03-27,ELEC
35.0633775,-85.3149492,301 Manufacturers Rd,TN,Chattanooga,37405,US,262361,2023-06-01,ELEC
35.075674,-89.857506,2600 Ridgeway Rd,TN,Memphis,38119,US,262396,2023-06-08,ELEC
36.591829,-82.261561,392 Pinnacle Pkwy,TN,Bristol,37620,US,262729,2023-06-15,ELEC
35.142502,-89.799827,7900 Trinity Rd,TN,Memphis,38018,US,262795,2023-06-16,ELEC
35.142306,-89.800262,7900 Trinity Rd,TN,Memphis,38018,US,262796,2023-06-16,ELEC
36.153448,-86.814574,1 Park Plaza,TN,Nashville,37203,US,262923,2023-06-20,ELEC
35.047741,-89.942798,3710 Prescott Rd,TN,Memphis,38118,US,299792,2023-06-29,ELEC
35.98223938,-83.6048657,170 Buc-ee's Blvd,TN,Kodak,37764,US,301713,2023-06-29,ELEC
35.059701,-85.191221,6037 International Dr,TN,Chattanooga,37421,US,301972,2023-07-04,ELEC
36.153208,-86.814438,1 Park Plaza,TN,Nashville,37203,US,302158,2023-07-07,ELEC
36.154016,-86.813717,2501 Park Plaza,TN,Nashville,37203,US,302159,2023-07-07,ELEC
36.153973,-86.813753,2501 Park Plaza,TN,Nashville,37203,US,302160,2023-07-07,ELEC
35.39177,-88.77033,20 Cabin Ln  #4128,TN,Henderson,38340,US,302270,2023-07-08,ELEC
35.39176,-88.77033,20 Cabin Ln  #4128,TN,Henderson,38340,US,302271,2023-07-08,ELEC
36.156803,-86.788015,1200 Broadway,TN,Nashville,37203,US,302544,2023-07-15,ELEC
36.156812,-86.787961,1200 Broadway,TN,Nashville,37203,US,302545,2023-07-15,ELEC
36.156803,-86.788037,1200 Broadway,TN,Nashville,37203,US,302546,2023-07-15,ELEC
36.156794,-86.787983,1200 Broadway,TN,Nashville,37203,US,302547,2023-07-15,ELEC
36.156794,-86.788015,1200 Broadway,TN,Nashville,37203,US,302548,2023-07-15,ELEC
35.744725,-86.93581,1065 Crossing Cir,TN,Spring Hill,37174,US,302707,2023-07-18,ELEC
35.744751,-86.9358,1065 Crossing Cir,TN,Spring Hill,37174,US,302708,2023-07-18,ELEC
36.212704,-83.29641,433 W 1st N St,TN,Morristown,37814,US,302829,2023-07-19,ELEC
36.164618,-86.791083,500 11th Ave N,TN,Nashville,37203,US,302969,2023-07-20,ELEC
36.154024,-86.774742,531 Rep. John Lewis Way S,TN,Nashville,37203,US,303061,2023-07-22,ELEC
36.0419883,-86.7808609,5614 Franklin Pike Cir,TN,Brentwood,37027,US,303253,2023-04-24,ELEC
35.16879,-85.12135,7855 Bay Marina Circle,TN,Harrison,37341,US,303792,2023-03-17,ELEC
35.16879,-85.12135,7855 Bay Marina Circle,TN,Harrison,37341,US,303968,2023-03-17,ELEC
35.224068,-89.959694,3100 New Frayser Blvd,TN,Memphis,38128,US,306416,2023-08-05,ELEC
35.22411,-89.9596,3100 New Frayser Blvd,TN,Memphis,38128,US,306475,2023-08-07,ELEC
35.019863,-89.89155,5151 E Shelby Dr,TN,Memphis,38118,US,306635,2023-08-10,ELEC
35.019936,-89.89154,5151 E Shelby Dr,TN,Memphis,38118,US,306636,2023-08-10,ELEC
36.157241,-86.777245,201 Rep. John Lewis Way S,TN,Nashville,37203,US,307570,2023-08-22,ELEC
36.157245,-86.777261,201 Rep. John Lewis Way S,TN,Nashville,37203,US,307572,2023-08-22,ELEC
36.157241,-86.777209,201 Rep. John Lewis Way S,TN,Nashville,37203,US,307573,2023-08-22,ELEC
36.157231,-86.777273,201 Rep. John Lewis Way S,TN,Nashville,37203,US,307575,2023-08-22,ELEC
36.157226,-86.7773,201 Rep. John Lewis Way S,TN,Nashville,37203,US,307576,2023-08-22,ELEC
35.540262,-89.246436,121 Sunny Hill Cove,TN,Brownsville,38012,US,307577,2023-08-22,ELEC
35.540227,-89.246447,121 Sunny Hill Cove,TN,Brownsville,38012,US,307578,2023-08-22,ELEC
35.540195,-89.246457,121 Sunny Hill Cove,TN,Brownsville,38012,US,307579,2023-08-22,ELEC
35.540172,-89.246463,121 Sunny Hill Cove,TN,Brownsville,38012,US,307580,2023-08-22,ELEC
36.157226,-86.777257,201 Rep. John Lewis Way S,TN,Nashville,37203,US,307652,2023-08-23,ELEC
35.2201782,-86.2552838,570 Tims Ford Dr.,TN,Winchester,37398,US,307680,2023-08-22,ELEC
35.2201782,-86.2552838,570 Tims Ford Dr.,TN,Winchester,37398,US,307681,2023-08-22,ELEC
36.0319681,-87.9484601,90 Nell Beard Rd,TN,New Johnsonville,37134,US,307682,2023-08-22,ELEC
36.0319847,-87.9484306,90 Nell Beard Rd,TN,New Johnsonville,37134,US,307683,2023-08-22,ELEC
35.9244343474887,-86.5383300246919,2201 Almaville Rd,TN,Smyrna,37167,US,307815,2023-08-24,ELEC
36.212835,-86.322905,1310 W Main St,TN,Lebanon,37087,US,308477,2023-09-02,ELEC
36.212829,-86.322888,1310 W Main St,TN,Lebanon,37087,US,308478,2023-09-02,ELEC
36.212821,-86.322862,1310 W Main St,TN,Lebanon,37087,US,308479,2023-09-02,ELEC
36.58122291567089,-87.31280438019739,2655 Trenton Road,TN,Clarksville,37040,US,308868,2023-08-24,ELEC
36.0749556,-86.6973007,5217 Linbar Drive Suite #308,TN,Nashville,37221,US,309069,2022-11-01,ELEC
35.9702931,-83.9178279,215 Willow Ave,TN,Knoxville,37915,US,309150,2021-09-16,ELEC
36.00280301071065,-86.5336679576726,800 Aviation Parkway,TN,Smyrna,37167,US,309212,2023-07-13,ELEC
35.0925189,-85.2589593,32 Lost Mound Drive,TN,Chattanooga,37406,US,309323,2023-01-05,ELEC
35.0458986,-85.1924081,2120 Polymer Drive,TN,Chattanooga,37421,US,309324,2023-01-05,ELEC
36.1510666,-86.8210827,2 City Pl,TN,Nashville,37209,US,309437,2023-02-02,ELEC
35.1411075,-89.8075368,599 Velo Drive,TN,Cordova,38018,US,309455,2022-12-17,ELEC
36.1496775,-86.7773708,645 Division St,TN,Nashville,37203,US,309518,2022-12-12,ELEC
36.13492,-86.91232,5800 River Road,TN,Nashville,37209,US,309548,2022-07-17,ELEC
36.156338,-86.809984,2400 Charlotte Avenue,TN,Nashville,37203,US,309570,2022-06-18,ELEC
35.1412299,-90.0578387,60 Beale Street,TN,Memphis,38133,US,309672,2023-07-13,ELEC
36.096257,-86.740688,430 Allied Place,TN,Gaithersburg,20874,US,309779,2012-02-07,ELEC
35.857344,-86.4470782,2615 Medical Center Parkway,TN,Murfreesboro,37129,US,310318,2023-06-28,ELEC
36.301227,-88.327324,109 S Fentress St,TN,Paris,38242,US,310484,2023-09-12,ELEC
36.301241,-88.327344,109 S Fentress St,TN,Paris,38242,US,310492,2023-09-12,ELEC
35.905953,-84.111432,9901 Kingston Pike,TN,Knoxville,37922,US,310895,2023-09-18,ELEC
35.880619,-84.23588,800 Watt Rd,TN,Knoxville,37932,US,311136,2023-09-20,ELEC
36.109401,-83.333659,3624 Roy Messer Hwy,TN,White Pine,37890,US,311137,2023-09-20,ELEC
35.440941,-88.639391,171 E Main St,TN,Henderson,38340,US,311184,2023-09-21,ELEC
35.440832,-88.639299,171 E Main St,TN,Henderson,38340,US,311185,2023-09-21,ELEC
36.222719,-86.423083,100 Business Park Dr,TN,Lebanon,37090,US,311297,2023-09-22,ELEC
36.222529,-86.42125,120 Business Park Dr,TN,Lebanon,37090,US,311591,2023-09-26,ELEC
36.224438,-86.424174,150 Business Park Dr,TN,Lebanon,37090,US,311592,2023-09-26,ELEC
35.4947329,-86.4087236,720 Eagle Blvd,TN,Shelbyville,37160,US,311671,2023-08-02,ELEC
35.8257216,-84.2713754,585 Fort Loudoun Medical Center Drive,TN,Lenoir City,37772,US,311692,2023-09-07,ELEC
36.1548886,-86.7754139,501 5th Ave. South,TN,Nashville,37203,US,312022,2023-09-29,ELEC
36.2534649,-85.5659347,390 Cummins Falls Ln,TN,Cookeville,38501,US,312219,2023-10-03,ELEC
36.2534493,-85.5659367,390 Cummins Falls Ln,TN,Cookeville,38501,US,312220,2023-10-03,ELEC
34.9945959,-84.9451991,1140 Red Clay Park Rd SW,TN,Cleveland,37311,US,312221,2023-10-03,ELEC
34.9946075,-84.9451934,1140 Red Clay Park Rd SW,TN,Cleveland,37311,US,312222,2023-10-03,ELEC
35.5896922,-86.6934066,4209 Nashville Highway,TN,Chapel Hill,37034,US,312223,2023-10-03,ELEC
35.5897012,-86.6933737,4209 Nashville Highway,TN,Chapel Hill,37034,US,312224,2023-10-03,ELEC
36.308526,-86.683103,2340 Gallatin Pike N,TN,Nashville,37115,US,312333,2023-10-05,ELEC
36.308502,-86.683092,2340 Gallatin Pike N,TN,Nashville,37115,US,312334,2023-10-05,ELEC
35.12563673930935,-85.24058901801804,5248 Tennessee 153,TN,Hixson,37343,US,312400,2023-07-19,ELEC
36.592486,-82.223007,3045 W State St,TN,Bristol,37620,US,312718,2023-10-11,ELEC
35.799374,-83.57223,2780 Florence Dr,TN,Pigeon Forge,37863,US,312722,2023-10-11,ELEC
35.799335,-83.57221,2772 Florence Dr,TN,Pigeon Forge,37863,US,312723,2023-10-11,ELEC
35.799343,-83.572221,2780 Florence Dr,TN,Pigeon Forge,37863,US,312724,2023-10-11,ELEC
35.93141020274136,-86.85563171961955,413 Brick Path Lane,TN,Franklin,37064,US,312797,2023-08-07,ELEC
35.305835,-90.0672,361 Grassy Lake Road,TN,Millington,38053,US,314204,2022-12-20,ELEC
35.305835,-90.0672,361 Grassy Lake Road,TN,Millington,38053,US,314205,2022-12-20,ELEC
35.70871,-88.29073,567 Pin Oak Lodge Rd.,TN,Lexington,38388,US,314207,2022-12-20,ELEC
35.70871,-88.29074,567 Pin Oak Lodge Rd.,TN,Lexington,38388,US,314208,2022-12-20,ELEC
35.23744,-84.55058,404 Spring Creek Road,TN,Delano,37325,US,314214,2023-05-18,ELEC
35.23743,-84.55055,404 Spring Creek Road,TN,Delano,37325,US,314215,2023-05-18,ELEC
36.12551,-84.50417,964 Flat Fork Road,TN,Wartburg,37887,US,314216,2023-03-14,ELEC
36.12548,-84.50413,964 Flat Fork Road,TN,Wartburg,37887,US,314217,2023-03-14,ELEC
36.20715,-82.65866,1245 Davy Crockett Park Road,TN,Limestone,37681,US,314218,2023-04-17,ELEC
36.20719,-82.65867,1245 Davy Crockett Park Road,TN,Limestone,37681,US,314219,2023-04-17,ELEC
35.25179,-85.74742,71 Fiery Gizzard Rd,TN,Tracy City,37387,US,314220,2023-03-16,ELEC
35.0555028,-88.2384374,120 Playground Loop,TN,Counce,38326,US,314221,2023-03-16,ELEC
35.0555028,-88.2384374,120 Playground Loop,TN,Counce,38326,US,314222,2023-03-15,ELEC
35.25179,-85.74742,71 Fiery Gizzard Rd,TN,Tracy City,37387,US,314223,2023-03-16,ELEC
36.28707,-88.30117,1020 Maurice Fields Dr,TN,Paris,38242,US,314236,2023-07-07,ELEC
36.374631,-82.370192,3606 Bristol Hwy,TN,Johnson City,37601,US,316144,2023-10-27,ELEC
36.033914,-86.6442685,4060 Cane Ridge Parkway,TN,Nashville,37013,US,316145,2023-10-27,ELEC
36.0346415,-86.645067,4060 Cane Ridge Parkway,TN,Nashville,37013,US,316146,2023-10-27,ELEC
36.0337785,-86.6450015,4060 Cane Ridge Parkway,TN,Nashville,37013,US,316147,2023-10-27,ELEC
36.034403,-86.6469405,4060 Cane Ridge Parkway,TN,Nashville,37013,US,316148,2023-10-27,ELEC
36.0349875,-86.6474615,4060 Cane Ridge Parkway,TN,Nashville,37013,US,316149,2023-10-27,ELEC
36.0354195,-86.6467115,4060 Cane Ridge Parkway,TN,Nashville,37013,US,316150,2023-10-27,ELEC
36.040726,-86.71423,5833 Nolensville Pike,TN,Nashville,37211,US,316487,2023-09-15,ELEC
36.140013,-85.5101635,1265 Interstate Dr,TN,Cookeville,38501,US,316527,2023-11-02,ELEC
36.1400005,-85.51019,1265 Interstate Dr,TN,Cookeville,38501,US,316528,2023-11-02,ELEC
36.13986,-85.51021,1265 Interstate Dr,TN,Cookeville,38501,US,316529,2023-11-02,ELEC
36.13985,-85.51015,1265 Interstate Dr,TN,Cookeville,38501,US,316530,2023-11-02,ELEC
36.13991,-85.51013,1265 Interstate Dr,TN,Cookeville,38501,US,316531,2023-11-02,ELEC
36.13991,-85.51017,1265 Interstate Dr,TN,Cookeville,38501,US,316532,2023-11-02,ELEC
36.13992,-85.5102,1265 Interstate Dr,TN,Cookeville,38501,US,316533,2023-11-02,ELEC
36.13993,-85.51024,1265 Interstate Dr,TN,Cookeville,38501,US,316534,2023-11-02,ELEC
36.5090665,-81.9472589,1205-1299 Orchard Rd,TN,Shadey Valley,37688,US,316629,2023-11-02,ELEC
36.5090519,-81.9472723,1205-1299 Orchard Rd,TN,Shadey Valley,37688,US,316630,2023-11-02,ELEC
35.809392,-83.982232,141 Furrow Way,TN,Alcoa,37701,US,316668,2022-08-01,ELEC
35.798299,-84.254794,1206 East Broadway Street,TN,Lenoir City,37772,US,316698,2023-11-04,ELEC
36.244614,-86.755315,3451 Dickerson Pike,TN,Nashville,37207,US,316894,2023-11-02,ELEC
36.2448355659429,-86.7552771744312,3451 Dickerson Pike,TN,Nashville,37207,US,316909,2023-11-02,ELEC
35.770426,-86.358215,2120 Logistics Wy,TN,Murfreesboro,37127,US,317997,2023-11-10,ELEC
35.770251,-86.358107,2120 Logistics Wy,TN,Murfreesboro,37127,US,317998,2023-11-10,ELEC
36.1393291390453,-85.5003291093323,970 S Jefferson Ave,TN,Cookeville,38501,US,318199,2023-11-09,ELEC
35.05,-85.31,355 Walnut St,TN,Chattanooga,37403,US,319351,2023-09-05,ELEC
35.73,-83.52,915 Westgate Resorts Rd,TN,Gatlinburg,37738,US,319461,2023-09-28,ELEC
36.22,-86.78,2909 Brick Church Pike building d,TN,Nashville,37207,US,319467,2023-09-26,ELEC
36.09,-86.83,27 Northumberland,TN,Nashville,37215,US,319475,2023-09-16,ELEC
35.796711,-83.988451,1864 Pauling Street,TN,Alcoa,37701,US,319670,2023-11-09,ELEC
35.20903,-84.88723,2388 Villa Drive,TN,Cleveland,37312,US,319684,2023-11-02,ELEC
35.92449,-83.99386,5930 Lyons View Pike,TN,Knoxville,37919,US,320999,2023-09-22,ELEC
36.52193,-84.81752,3899 Pickett Park Hwy,TN,Jamestown,38556,US,321001,2023-10-05,ELEC
36.05347,-85.62141,8400 Old Cane Creek Rd,TN,Baxter,38544,US,321002,2023-10-05,ELEC
35.984985,-85.0375955,2774 North Main Street,TN,Crossville,38555,US,321186,2023-04-12,ELEC
35.90788416666911,-86.82907701918845,883 Oak Meadow Dr.,TN,Franklin,37064,US,321324,2023-08-02,ELEC
36.517363,-82.707455,219 S Central Ave,TN,Church Hill,37642,US,321477,2023-12-06,ELEC
36.517449,-82.707476,219 S Central Ave,TN,Church Hill,37642,US,321478,2023-12-06,ELEC
35.8103807,-85.6376767,82 Beach Rd.,TN,Rock Island,38581,US,321521,2023-12-04,ELEC
36.5826815,-85.1847995,1300 Cordell Hull Memorial Drive,TN,Byrdstown,38549,US,321522,2023-12-05,ELEC
35.8103823,-85.6377019,82 Beach Rd.,TN,Rock Island,38581,US,321523,2023-12-04,ELEC
36.5826535,-85.1847958,1300 Cordell Hull Memorial Drive,TN,Byrdstown,38549,US,321524,2023-12-05,ELEC
35.716343,-83.508015,115 Willow Ln,TN,Gatlinburg,37738,US,322196,2023-12-07,ELEC
35.716347,-83.508031,115 Willow Ln,TN,Gatlinburg,37738,US,322197,2023-12-07,ELEC
35.5001497,-88.6764546,460 Ozier Rd.,TN,Pinson,38581,US,322267,2023-12-06,ELEC
35.500141,-88.6764915,460 Ozier Rd.,TN,Pinson,38581,US,322268,2023-12-06,ELEC
36.0851453,-86.3237321,328 Cedar Forest Road,TN,Lebanon,37090,US,322269,2023-12-05,ELEC
36.0851334,-86.3237875,328 Cedar Forest Road,TN,Lebanon,37090,US,322270,2023-12-05,ELEC
36.4346385,-88.0797056,16055 Highway 79 North,TN,Buchanan,38222,US,322271,2023-12-07,ELEC
36.4346849,-88.0797405,16055 Highway 79 North,TN,Buchanan,38222,US,322272,2023-12-07,ELEC
36.440517,-88.0822088,Paris Landing Marina Drive,TN,Buchanan,38222,US,322273,2023-12-07,ELEC
36.4405405,-88.0822454,Paris Landing Marina Drive,TN,Buchanan,38222,US,322274,2023-12-07,ELEC
36.47343,-81.80488,210 S Church St,TN,Mountain City,37683,US,322367,2023-10-10,ELEC
35.639064,-88.402017,515 S BROAD ST,TN,LEXINGTON,38351,US,322452,2023-12-09,ELEC
35.961959,-85.812784,106 N 3rd Street,TN,Smithville,37166,US,322597,2023-12-13,ELEC
35.962023,-85.812795,106 N 3rd Street,TN,Smithville,37166,US,322598,2023-12-13,ELEC
36.1351474,-86.8060674,2400 Fairfax Ave,TN,Nashville,37212,US,322606,2023-12-13,ELEC
36.16623,-86.52379,630 Providence Pkwy,TN,Mount Juliet,37122,US,322632,2023-12-13,ELEC
36.052801,-83.993594,7549 Barnett Way,TN,Powell,37849,US,322838,2023-12-14,ELEC
36.0725058,-85.8351275,1630 Edgar Evens State Park Rd,TN,Silver Point,38582,US,322999,2023-12-19,ELEC
36.0724885,-85.8350964,1630 Edgar Evens State Park Rd,TN,Silver Point,38582,US,323000,2023-12-19,ELEC
36.5539508,-87.1427996,3300 Old Clarksville Springfield Rd,TN,Adams,37010,US,323098,2023-12-20,ELEC
36.5539438,-87.1427651,3300 Old Clarksville Springfield Rd,TN,Adams,37010,US,323099,2023-12-20,ELEC
36.5500797,-87.3057532,401 Old Dunbar Cave Road,TN,Clarksville,37043,US,323100,2023-12-20,ELEC
36.5500843,-87.3057214,401 Old Dunbar Cave Road,TN,Clarksville,37043,US,323101,2023-12-20,ELEC
35.611925,-88.834605,320 U.S. 45 Bypass,TN,Jackson,38301,US,323356,2023-12-22,ELEC
35.682815,-88.777142,30 Sand Pebble Rd,TN,Jackson,38305,US,323475,2023-12-26,ELEC
36.3784718,-86.360869,400 Zieglers Fort Rd,TN,Gallatin,37066,US,323613,2023-12-29,ELEC
36.378478,-86.3607748,400 Zieglers Fort Rd,TN,Gallatin,37066,US,323614,2023-12-29,ELEC
35.05758906805633,-85.19079551534163,2131 Chapman Road,TN,Chattanooga,37421,US,323790,2024-01-03,ELEC
35.310093,-86.879841,3686 Pulaski Hwy,TN,Cornersville,37047,US,324012,2024-01-04,ELEC
35.0497457052176,-85.3127679238045,289 W 6th St,TN,Chattanooga,37402,US,324028,2024-01-04,ELEC
36.170835,-86.680899,152 McGavock Pk,TN,Nashville,37214,US,324252,2024-01-06,ELEC
36.170664,-86.680093,154 McGavock Pk,TN,Nashville,37214,US,324253,2024-01-06,ELEC
36.10777,-86.81795,2126 Abbott Martin Rd,TN,Nashville,37215,US,324330,2024-01-06,ELEC
35.021349,-89.723569,4651 S Houston Levee Rd,TN,Collierville,38017,US,324387,2024-01-09,ELEC
35.021443,-89.723429,4651 S Houston Levee Rd,TN,Collierville,38017,US,324388,2024-01-09,ELEC
36.236331,-86.535396,401 Nonaville Road,TN,Mt. Juliet,37122,US,325362,2023-09-27,ELEC
35.78833,-88.390865,132 Federal Ln,TN,Wildersville,38388,US,326289,2024-01-22,ELEC
35.15092,-89.89211,5066 Summer Ave,TN,Memphis,38122,US,326934,,ELEC
35.749712,-88.842617,5390 US Hwy,TN,Humboldt,38343,US,327252,2024-02-01,ELEC
35.82318160847224,-83.97702129005027,2844 Alcoa Highway,TN,Alcoa,37701,US,327458,2024-02-02,ELEC
36.153683,-86.767461,800 2nd Ave S,TN,Nashville,37210,US,327945,2024-02-09,ELEC
36.153665,-86.767547,800 2nd Ave S,TN,Nashville,37210,US,328044,2024-02-10,ELEC
35.823927,-86.39383,1625 South Church Street,TN,Murfreesboro,37130,US,328140,2024-02-10,ELEC
35.361802,-86.209703,114 SW Atlantic St,TN,Tullahoma,37388,US,328281,2024-02-14,ELEC
35.361802,-86.20972,114 SW Atlantic St.,TN,Tullahoma,37388,US,328282,2024-02-14,ELEC
35.03686,-85.31822,1835 Reggie White Blvd,TN,Chattanooga,37408,US,328319,2024-02-14,ELEC
35.449583,-89.78058,10772 US-51,TN,Atoka,38004,US,328458,2024-02-15,ELEC
36.1513537723469,-86.8024031139753,2100 Hayes St,TN,Nashville,37203,US,328523,2024-02-15,ELEC
35.449618,-89.780637,10772 U.S. 51,TN,Atoka,38004,US,329015,2024-02-23,ELEC
36.15989862288491,-86.78285723267264,127 Rosa L Parks Boulevard,TN,Nashville,37203,US,329307,2024-02-19,ELEC
35.453915,-86.0448,2610 Hillsboro Hwy,TN,Manchester,37355,US,329614,2024-03-01,ELEC
35.45381,-86.04502,2610 Hillsboro Hwy,TN,Manchester,37355,US,329615,2024-03-01,ELEC
35.979522,-85.01642,2045 Genesis Road,TN,Crossville,38555,US,329623,2024-03-01,ELEC
35.979539,-85.016308,2045 Genesis Road,TN,Crossville,38555,US,329624,2024-03-01,ELEC
35.979483,-85.016187,2045 Genesis Road,TN,Crossville,38555,US,329627,2024-03-01,ELEC
35.846773,-83.996194,910 Ardmore Alcoa Way,TN,Louisville,37777,US,329844,2024-03-05,ELEC
35.98496512593487,-85.03765491156805,2774 North Main Street,TN,Crossville,38555,US,329848,2024-03-01,ELEC
36.34228739669265,-86.53055524508657,2109 Nashville Pike,TN,Gallatin,37066,US,329953,2023-06-26,ELEC
36.002536,-84.247475,480 South Illinois Avenue,TN,Oak Ridge,37830,US,330118,2023-03-28,ELEC
35.14345304864566,-90.052521888544,120 Union Avenue,TN,Memphis,38103,US,330586,2024-03-11,ELEC
35.140331,-90.050931,250 Peabody Place,TN,Memphis,38103,US,330800,2023-01-11,ELEC
35.798259,-84.254709,1206 E Broadway St,TN,Lenoir City,37772,US,330893,2024-03-21,ELEC
35.152029,-86.571405,110 College St W,TN,Fayetteville,37334,US,331162,2024-03-27,ELEC
35.152052,-86.571405,110 College Street West,TN,Fayetteville,37334,US,331173,2024-03-27,ELEC
35.147834,-90.0532075,85 North Front Street,TN,Memphis,38103,US,331211,2022-07-28,ELEC
36.322743,-88.801101,11989 Tennessee 22,TN,Martin,38237,US,331239,2024-03-28,ELEC
35.05275745196872,-85.3129874228812,311 Chestnut Street,TN,Chattanooga,37402,US,331281,2024-03-28,ELEC
36.1739408771672,-86.2984174321502,201 Maddox-Simpson Pkwy,TN,Lebanon,37090,US,331359,2024-03-21,ELEC
36.008159,-83.76964,730 Rufus Graham Rd,TN,Knoxville,37924,US,331429,2023-04-28,ELEC
35.147539,-90.046249,245 Washington Ave,TN,Memphis,38103,US,331435,2022-10-11,ELEC
35.144541,-90.052024,21 South 2nd Street,TN,Memphis,38103,US,331438,2023-04-07,ELEC
35.142053,-90.053864,100 South Main Street,TN,Memphis,38103,US,331449,2023-06-28,ELEC
36.131338151,-85.505661133,1181 S Jefferson Ave,TN,Cookeville,38506,US,331538,2024-04-02,ELEC
35.799309,-83.572188,2772 Florence Dr,TN,Pigeon Forge,37863,US,331631,2024-04-04,ELEC
36.413591,-89.049201,705 E Reelfoot Ave,TN,Union City,38261,US,331829,2024-04-04,ELEC
35.021544,-89.723412,4651 South Houston Levee Road,TN,Collierville,38017,US,332321,2024-04-16,ELEC
36.456579,-81.843664,1203 Harbin Hill Rd,TN,Mountain City,37683,US,332331,2024-04-16,ELEC
